Unnamed: 0,price,artist,title,yearCreation,signed,condition,period,movement,image_path
0,28500.0,Tommaso Ottieri,Bayreuth Opera,2021.0,Signed on verso,This work is in excellent condition.,Contemporary,Baroque,images/auction_images/0.jpg
2,5000.0,Leo Gabin,Two on Sidewalk,2016.0,"Signed, titled and dated on verso",This work is in excellent condition.,Contemporary,Abstract,images/auction_images/2.jpg
3,5000.0,Matthias Dornfeld,Blumenszene,2010.0,"Signed, titled and dated on the reverse with the artist's stamp",This work is in excellent condition.There is minor craquelure inherent to the artist's work.,Contemporary,Abstract,images/auction_images/3.jpg
4,2500.0,Alexis Marguerite Teplin,Feverish Embarkation,2001.0,Signed on verso,This work is in excellent condition.,Contemporary,Abstract,images/auction_images/4.jpg
5,7575.0,Kenzo Okada,Bamboo,1977.0,Signed lower right recto; numbered lower left recto ,"This work is in excellent condition, direct from the publisher.",Contemporary,Abstract Expressionism,images/auction_images/5.jpg
6,7550.0,Francesco Clemente,Air,2007.0,"Numbered and signed on bottom corner, recto","This work is in excellent condition, direct from the publisher.",Contemporary,Neo-Expressionism,images/auction_images/6.jpg
7,3550.0,Günther  Förg,Untitled (Green),1993.0,Signed lower right recto; numbered lower left recto ,"This work is in very good condition, direct from the publisher.",Contemporary,Modernism,images/auction_images/7.jpg
8,3075.0,Dan Walsh,Manifold - Blue,2014.0,Signed lower right recto; numbered lower left recto ,"This work is in excellent condition, direct from the publisher.",Contemporary,Minimalism,images/auction_images/8.jpg
9,3550.0,Günther  Förg,Untitled (Orange/Black),1993.0,Signed lower right recto; numbered lower left recto ,"This work is in excellent condition, direct from the publisher.",Contemporary,Modernism,images/auction_images/9.jpg
10,3075.0,Dan Walsh,Manifold - Red,2014.0,Signed lower right recto; numbered lower left recto ,"This work is in excellent condition, direct from the publisher.",Contemporary,Minimalism,images/auction_images/10.jpg
11,40000.0,Friedel Dzubas,Upstream,1973.0,Signed and dated on verso,This work is in excellent condition.,Contemporary,Abstract,images/auction_images/11.jpg
13,7000.0,Chris Ofili,"Last Night, New Day",2008.0,Signed lower right,"This work is in excellent condition, direct from the publisher.",Contemporary,"Punk, Young British Artists, Abstract",images/auction_images/13.jpg
14,4000.0,Marcel Dzama,Here's a Fine Revolution,2015.0,Signed lower right,"This work is in excellent condition, direct from the publisher.",Contemporary,Magic Realism ,images/auction_images/14.jpg
15,4000.0,Leonardo Drew,CPP11,2015.0,Signed lower right,"This work is in excellent condition, direct from the publisher.",Contemporary,Post-Minimalism,images/auction_images/15.jpg
16,5000.0,Anne Appleby,Cottonwood,2012.0,Signed lower right,"This work is in excellent condition, direct from the publisher.",Contemporary,Minimalism,images/auction_images/16.jpg
17,8000.0,Sol LeWitt,Horizontal Bands (More or Less) Red/Green,2002.0,Signed lower right,"This work is in excellent condition, direct from the publisher.",Contemporary,Minimalism,images/auction_images/17.jpg
18,5500.0,Jockum Nordström,House and Bugs,2008.0,Signed lower right,"This work is in excellent condition, direct from the publisher.",Contemporary,Surrealism,images/auction_images/18.jpg
19,2500.0,William Bailey,Stradina,2002.0,Signed lower right corner,"This work is in excellent condition, direct from the publisher.",Contemporary,Realism,images/auction_images/19.jpg
20,7000.0,Al Held,Fly Away,1992.0,Signed verso,"This work is in excellent condition, direct from the publisher.",Contemporary,Abstract Expressionism,images/auction_images/20.jpg
21,6000.0,Tomma Abts,Untitled (small circles),2015.0,Signed on lower right corner,"The work is in excellent condition, direct from the publisher.",Contemporary,Abstract,images/auction_images/21.jpg
22,7000.0,Richard Tuttle,Trans Asian,1993.0,Signed lower right,"This work is in excellent condition, direct from the publisher.",Contemporary,Post-Minimalism,images/auction_images/22.jpg
23,7000.0,Matt Mullican,"REPRESENT THE WORK, Logo",2020.0,Signed lower right,"This work is in excellent condition, direct from the publisher.",Contemporary,Conceptual ,images/auction_images/23.jpg
24,8000.0,Leonardo Drew,CPP1,2015.0,Signed lower right,"This work is in excellent condition, direct from the publisher.",Contemporary,Post-Minimalism,images/auction_images/24.jpg
26,10000.0,Wayne Thiebaud,Dark Canyon Bluffs,2014.0,Signed bottom right,"This work is in excellent condition, direct from the publisher.",Contemporary,Modernism,images/auction_images/26.jpg
27,10000.0,Anish Kapoor,Untitled 12,1991.0,Signed lower right,"This work is in excellent condition, direct from the publisher.",Contemporary,Conceptual ,images/auction_images/27.jpg
28,8500.0,Charline von Heyl,Nightpack (Red Yellow Blue),2014.0,Signed bottom right,"This work is in excellent condition, direct from the publisher.",Contemporary,Abstract,images/auction_images/28.jpg
29,4000.0,Leonardo Drew,CPP10,2015.0,Signed lower right,"This work is in excellent condition, direct from the publisher.",Contemporary,Post-Minimalism,images/auction_images/29.jpg
30,2800.0,Patricia Treib,Pendulum,2018.0,Signed lower right,"This work is in excellent condition, direct from the publisher.",Contemporary,Abstract,images/auction_images/30.jpg
31,12000.0,Guy Pène Du Bois,Billboard,1920.0,Signed Guy Pène du Bois and dated 20 (lower left),"The following condition report has been provided by Simon Parkes Art Conservation, Inc., New York, an independent restorer who is not an employee of Sotheby's:This work is in good condition.It has developed mild thin cracks across the top edge and across the bottom edge, not unusual for plywood.The cracks have not been retouched, except in the left shoulder of the figure, and will remain stable.The paint layer is clean and lightly varnished.There are a few retouches in tiny spots around the edges, in the left elbow of the figure and in 5 small spots in the left background.Pene du Bois' original color reads quite strongly in the hat and in the diagonal green line across the lower part of the picture, but this is all original pigment. The work should be hung as is.",Modern,Realism,images/auction_images/31.jpg
32,2000.0,Jason Bereswill,Study for Saline Rocks,2008.0,[nan],Mounted to a new mat ,Contemporary,Realism,images/auction_images/32.jpg
36,15000.0,Kehinde Wiley,Sophie Arnould Study II,2016.0,"Signed in pencil, dated and numbered lower right","The work is in excellent condition, direct from the publisher.",Contemporary,Realism,images/auction_images/36.jpg
41,700.0,Linda Besse,Servel Portrait,2003.0,Signed Linda Besse;  dated ©  2003 (lower right),The work is in original condition.Under UV: There are no signs of inpainting or previous restoration. ,Contemporary,Realism,images/auction_images/41.jpg
46,3000.0,Grant Hacking,Zebras Drinking,2000.0,Signed Grant Hacking © and dated ‘00 (lower left),The canvas is unlined and there is minor frame abrasion along the extreme edges.Under UV: There are no signs of inpainting or previous restoration. ,Contemporary,Realism,images/auction_images/46.jpg
48,1200.0,Grant Hacking,Looking for Game ,2010.0,"Signed Grant Hacking (lower left); titled, dated © 2010, signed Grant Hacking (on the reverse)",The canvas is unlined and tacked to the original stretchers. Under UV: There are no signs of inpainting or previous restoration.,Contemporary,Realism,images/auction_images/48.jpg
50,1000.0,Linda Besse,In the Grass - Cheetah,2005.0,Signed Linda Besse and dated © 2005 (lower right),There is minor frame abrasion along the edges. Under UV: The work retains an uneven varnish and there are no signs of inpainting or previous restoration.,Contemporary,Realism,images/auction_images/50.jpg
52,800.0,Linda Besse,Lion Cubs,2002.0,Signed Linda Besse;  dated ©  2002 (lower left),The work is in original condition. Under UV: there are no signs of inpainting or previous restoration.,Contemporary,Realism,images/auction_images/52.jpg
53,5000.0,Grant Hacking,"Late Afternoon Shadows, Cheetah",2001.0,Signed Grant Hacking (lower left),"The canvas is unlined and tacked to the original stretchers.There is frame abrasion along the edges and there are a few scattered pindots of surface accretions within the sky.Under UV: While some pigments fluoresce, they appear to be the artist's original.",Contemporary,Realism,images/auction_images/53.jpg
57,30000.0,Michael Ghaui,Zebra on the Mwagusi Sand River ,1999.0,Signed MAGhaui ©; dated 99 (lower left),"The canvas is unlined and tacked to the original stretchers. Under UV: While some pigments read strongly, they appear to be the artist’s original.  ",Post-War,Realism,images/auction_images/57.jpg
58,6000.0,Grant Hacking,Zebras in the Hills,2000.0,Signed Grant Hacking © and dated 2000 (lower left),The canvas is unlined and there is minor frame abrasion to the extreme edges.Under UV: The work retains an uneven varnish and there are no signs of inpainting or previous restoration.,Contemporary,Realism,images/auction_images/58.jpg
60,5500.0,Philip Howard Evergood,Wounders of a Frog ,1958.0,Signed Philip Evergood bottom right corner recto ,Not examined out of frame.Work is in original condition.,Post-War,Expressionism,images/auction_images/60.jpg
63,12000.0,Joseph Rusling Meeker,"Boating, Early Autumn ",1877.0,"Signed JR Meeker, (lower left)",Very good condition.Relined.,19th Century,Realism,images/auction_images/63.jpg
67,2250.0,Takashi Murakami,Jellyfish Eyes - Black 3,2004.0,"Signed and numbered in silver ink, lower right",This work is in excellent condition.,Contemporary,Pop Art,images/auction_images/67.jpg
68,3000.0,Takashi Murakami,"And Then... All Things Good and Bad, All Days Fine and Rough",2014.0,"Signed and numbered in ink, lower right",This work is in excellent condition.,Contemporary,Pop Art,images/auction_images/68.jpg
69,2250.0,Takashi Murakami,Jellyfish Eyes - Black 1,2004.0,"Signed and numbered in silver ink, lower right",This work is in excellent condition.,Contemporary,Pop Art,images/auction_images/69.jpg
70,3000.0,Takashi Murakami,Flower Ball (Dumpling),2013.0,"Signed and numbered in silver ink, lower right",This work is in excellent condition.,Contemporary,Pop Art,images/auction_images/70.jpg
71,2250.0,Takashi Murakami,Jellyfish Eyes - White 1,2006.0,"Signed and numbered in silver ink, lower right",This work is in excellent condition.,Contemporary,Pop Art,images/auction_images/71.jpg
72,14000.0,KAWS,Man's Best Friend,2016.0,Signed and dated in pencil recto,Excellent condition ,Contemporary,Street Art,images/auction_images/72.jpg
73,70000.0,Roy Lichtenstein,Landscape Mobile (Limoges),1990.0,Signed and numbered,"This work is in excellent condition, direct from the publisher.",Contemporary,Pop Art,images/auction_images/73.jpg
75,3250.0,Edgar Nye,Going Home #24,1935.0,[nan],Wear consistent with age and use. ,Modern,Expressionism,images/auction_images/75.jpg
76,7500.0,George Pearse Ennis,Harbor Scene,1928.0,"Signed lower left ""Ennis"" and titled ""Silvery Light"" in pencil on stretcher bar. ",Wear consistent with age and use.,Modern,Impressionism,images/auction_images/76.jpg
77,2500.0,Doris McCarthy,funzionario,2021.0,[nan],Excellent condition.,Contemporary,Abstract,images/auction_images/77.jpg
78,2500.0,Doris McCarthy,rosadue,2021.0,"Signed, titled, dated and numbered recto ",Excellent condition.,Contemporary,Abstract,images/auction_images/78.jpg
80,2500.0,Doris McCarthy,giallouno,2022.0,"Signed, titled, dated and numbered recto ",Excellent condition.,Contemporary,Abstract,images/auction_images/80.jpg
82,12000.0,Cindy  Sherman,Madame de Pompadour (née Poisson),1990.0,Each signed and numbered,"This work is in excellent condition, direct from the publisher.",Contemporary,Conceptual ,images/auction_images/82.jpg
84,2500.0,Joel Otterson,Mr. and Mrs. Monster Meat Carving Set,1994.0,Signed and numbered on the base,"This work is in excellent condition, direct from the publisher.",Contemporary,Conceptual ,images/auction_images/84.jpg
85,900.0,César,L'Empreinte Digitale (White),1991.0,Signed and numbered by the artist,"This work is in excellent condition, direct from the publisher.",Contemporary,Nouveau Réalisme,images/auction_images/85.jpg
86,900.0,César,L'Empreinte Digitale (Blue),1991.0,Signed and numbered by the artist,"This work is in excellent condition, direct from the publisher.",Contemporary,Nouveau Réalisme,images/auction_images/86.jpg
89,800.0,Jean Tinguely,Amour Totale,1991.0,Signed and numbered on the back,"This work is in excellent condition, direct from the publisher.",Contemporary,Nouveau Réalisme,images/auction_images/89.jpg
96,27500.0,George Segal,Classical Still Life,1990.0,Signed and numbered,"This work is in excellent condition, direct from the publisher.",Contemporary,Pop Art,images/auction_images/96.jpg
97,7000.0,Lucas  Samaras,Platter,1996.0,Signed and numbered on the base,"This work is in excellent condition, direct from the publisher.",Contemporary,Surrealism,images/auction_images/97.jpg
98,7000.0,Tom Otterness,Elijah Cup,1994.0,Signed and numbered on the bottom,"This work is in excellent condition, direct from the publisher.",Contemporary,Social Realism,images/auction_images/98.jpg
99,18000.0,Tom Otterness,Seder Plate,1994.0,Signed and numbered on the back,"This work is in excellent condition, direct from the publisher.",Contemporary,Social Realism,images/auction_images/99.jpg
100,5000.0,John Chamberlain,Tasted Snow,1996.0,Signed and numbered verso,"This work is in excellent condition, direct from the publisher.",Contemporary,Abstract Expressionism,images/auction_images/100.jpg
101,8000.0,Walter Robinson,Tumultuous Heart,2017.0,Signed certificate of authenticity,This work is in excellent condition.,Contemporary,Pop Art,images/auction_images/101.jpg
102,10000.0,James Welling,New Abstraction No. 59 (Red Stripe),2010.0,Signed and numbered on label by the artist,This work is in excellent condition.,Contemporary,Conceptual ,images/auction_images/102.jpg
103,24000.0,Brian Calvin,Beneath the Sun,2019.0,Signed certificate of authenticity,"This work is in excellent condition, direct from the publisher.",Contemporary,Surrealism,images/auction_images/103.jpg
104,8500.0,Jonathan Lasker,Untitled,2011.0,Signed and numbered on label by the artist,"This work is in excellent condition, direct from the publisher.",Contemporary,Abstract,images/auction_images/104.jpg
105,18000.0,Jonas Wood,Yellow and Orange Orchid Clipping,2018.0,Signed certificate of authenticity,This work is in excellent condition.,Contemporary,Pop Art,images/auction_images/105.jpg
106,22500.0,Gustave Blache III,Natalie Scrape Cleaning,2014.0,Signed upper right,This work is in very good condition.,Contemporary,Realism,images/auction_images/106.jpg
107,42000.0,Gustave Blache III,Celia with Blade (Standing on Footstool),2016.0,Signed upper right,This work is in very good condition.,Contemporary,Realism,images/auction_images/107.jpg
108,28500.0,Gustave Blache III,Simon Test Cleaning with Bonhams,2014.0,Signed lower right,This work is in very good condition.,Contemporary,Realism,images/auction_images/108.jpg
109,8500.0,Darío Escobar,Sin Título,2016.0,"Signed, dated and numbered","The work is in excellent condition, direct from the publisher.",Contemporary,Pop Art,images/auction_images/109.jpg
110,1800.0,Ivan Albright,Follow Me,1948.0,Signed and titled in pencil in lower margin,Light spotting to print margins.Small scuffs to frame. Artwork not examined outside of frame. ,Modern,Realism,images/auction_images/110.jpg
111,6000.0,Michael Wesely,Square Meals,1996.0,"A Galerie Walter Storms postcard on the reverse of the mount, with credit, title and date engraved on the side.","Please note, the colors and shades in the online catalogue illustration may vary depending on screen settings. This Cibachrome print is in generally excellent condition. The colors remain vibrant and saturated, with no apparent fading. Visible only upon very close examination are occasional deposits of retouching. When examined closely in high raking light, some shallow scratches care visible, possibly a result of processing. There is an approximately one-inch scratch in the lower right quadrant, primarily in the margin, and each margin corner is scuffed where the print has been in contact with the frame. None of the aforementioned are immediately visible nor do they detract from the overall fine appearance of this photograph.",Contemporary,Abstract,images/auction_images/111.jpg
113,6000.0,John Fischer,Cain and Abel,1971.0,Signed front right lower corner in paint; titled and dated on the verso in ink,Very small hole at center of canvas.Moderate edge wear.,Post-War,Expressionism,images/auction_images/113.jpg
114,3000.0,John Fischer,Vive la France,1960.0,[nan],"Some areas of edges are covered with adhesive paper, missing at corners.Moderate edge wear with small gouges to canvas edges and corners.Moderate wear to wood frame.The back fitted with a hanging wire.",Post-War,Expressionism,images/auction_images/114.jpg
115,6500.0,John Fischer,Secret Source,1972.0,[nan],Unpainted stapled edges.Occasional edge wear to canvas.,Post-War,Expressionism,images/auction_images/115.jpg
116,6000.0,John Fischer,Portrait,1972.0,Signed and dated on the verso upper right corner in pen,Occasional marks and fraying to canvas edge. ,Post-War,Expressionism,images/auction_images/116.jpg
117,6000.0,John Fischer,Horizontal Extension,1990.0,[nan],"Nicks, gouges and moderate edge wear.",Post-War,Expressionism,images/auction_images/117.jpg
118,6000.0,John Fischer,Yaweh,1984.0,Signed and dated on the verso in paint,"Not examined outside of frame.Nicks, scratches and some yellowing to frame. ",Post-War,Expressionism,images/auction_images/118.jpg
121,3000.0,John Fischer,Triangle #NY.6,1972.0,Signed on the verso in paint and pen,Occasional nicks and edge wear.,Post-War,Expressionism,images/auction_images/121.jpg
122,5000.0,John Fischer,Escape,1981.0,[nan],Occasional marks and wear to edges. ,Post-War,Surrealism,images/auction_images/122.jpg
123,3000.0,John Fischer,Triangle #NY,1972.0,[nan],Occasional nicks to edges.,Post-War,Abstract,images/auction_images/123.jpg
125,6000.0,John Fischer,Horizontal Line of Lines,1990.0,[nan],"Sides are wrapped with adhesive paper. Occasional nicks, gouges and edge wear. ",Post-War,Expressionism,images/auction_images/125.jpg
132,2000.0,Henry Moore,"Les Poètes, Four Standing Figures",1973.0,Initialed on bottom right,No obvious signs of damage or wear.,Post-War,Abstract,images/auction_images/132.jpg
133,2000.0,Henry Moore,"Les Poètes, Ideas from a Sketchbook",1976.0,Initialed bottom right,No obvious signs of damage or wear.,Post-War,Abstract,images/auction_images/133.jpg
134,2000.0,Henry Moore,"Les Poètes, Three Sculptural Forms",1973.0,Initialed on bottom right,No obvious signs of damage or wear.,Post-War,Abstract,images/auction_images/134.jpg
135,2000.0,Henry Moore,"Les Poètes, Reclining Woman",1973.0,Initialed on bottom right,No obvious signs of damage or wear.,Post-War,Abstract,images/auction_images/135.jpg
136,2000.0,Henry Moore,"Les Poètes, Creole Lady",1973.0,Initialed on bottom right,No obvious signs of damage or wear.,Post-War,Abstract,images/auction_images/136.jpg
137,2000.0,Henry Moore,"Les Poètes, Two Heads",1973.0,Initialed on bottom right,No obvious signs of damage or wear.,Post-War,Abstract,images/auction_images/137.jpg
138,3500.0,Marc Chagall,"The Angel, M.288",1960.0,[nan],No obvious signs of wear to print.,Post-War,Surrealism,images/auction_images/138.jpg
139,3000.0,Lucien Hervé,Maquette de Jean Prouvé,1950.0,"Signed, dated and titled verso",One small crease to photograph on the bottom edge.Artist retouch marks in upper right-hand corner.Cropped to size by artist.,Post-War,Realism,images/auction_images/139.jpg
140,5000.0,Edmund Darch Lewis,Morning on the Brandywine ,1896.0,Signed and dated lower left recto,Not examined out of frame.No visible loss to painting.Craquelure on surface of canvas from age.Loss to frame on lower right.Discoloration to back of canvas consistent with age.,19th Century,Realism,images/auction_images/140.jpg
141,9500.0,Robert Indiana,"Seasons of Hope, Summer",2012.0,"Signed, dated, and numbered in pencil recto",No obvious signs of damage or wear.,Contemporary,Pop Art,images/auction_images/141.jpg
142,2200.0,Charlemagne Palestine,356 CcornUuoOrphanosS two,2018.0,Signed by artist on front,"The work is in excellent condition, direct from the publisher.",Contemporary,Conceptual ,images/auction_images/142.jpg
144,2500.0,Math Bass,Newz!,2018.0,Signed by artist on back,"The work is in excellent condition, direct from the publisher.",Contemporary,Geometric Abstraction,images/auction_images/144.jpg
146,2500.0,Dennis Hollingsworth,Oboja Negra,2006.0,Signed by artist on bottom right,"The work is in excellent condition, direct from the publisher.",Contemporary,Abstract,images/auction_images/146.jpg
147,15000.0,Judy Chicago,Mary Queen of Scots,1973.0,Signed by artist on the reverse,"The work is in excellent condition, direct from the publisher.",Contemporary,Feminist Art ,images/auction_images/147.jpg
148,135000.0,Vija Celmins,"Untitled (Desert), Untitled (Ocean), Untitled (Sky), Untitled (Galaxy)",1975.0,Signed by artist on bottom right,"The work is in excellent condition, direct from the publisher.",Contemporary,Photorealism,images/auction_images/148.jpg
149,15000.0,John Baldessari,Engravings with Sounds: Sniffle,2015.0,Signed by artist on front,"The work is in excellent condition, direct from the publisher.",Contemporary,Conceptual ,images/auction_images/149.jpg
150,50000.0,Ed  Ruscha,IF,2000.0,Signed and dated by artist on bottom right,"The work is in excellent condition, direct from the publisher. It is offered unframed.",Contemporary,Pop Art,images/auction_images/150.jpg
151,4500.0,Joe Goode,Untitled (028C),1971.0,"Signed, dated, and numbered by artist on bottom","The work is in excellent condition, direct from the publisher.",Contemporary,Conceptual ,images/auction_images/151.jpg
152,9500.0,Robert Indiana,"Seasons of Hope, Spring",2012.0,"Signed, dated, and numbered in pencil recto",Excellent condition.,Contemporary,Pop Art,images/auction_images/152.jpg
154,5000.0,Sterling Ruby,Carvings 5 ,2006.0,[nan],No obvious signs of damage or wear.Not examined out of frame.,Contemporary,Abstract,images/auction_images/154.jpg
155,3000.0,Donald Sultan,"Fruit and Flowers, Yellow Roses",1992.0,"Numbered on bottom right.Titled, dated and initialed along left side.",Slight oxidation of paper at edges.Minor nicks and scratches to metal frame.Not examined outside of frame.,Post-War,Expressionism,images/auction_images/155.jpg
156,3000.0,Donald Sultan,"Fruit and Flowers III, Yellow Peppers",1993.0,"Signed, titled, dated and numbered in pencil recto ",Slight oxidation of paper at edges.Minor nicks and scratches to metal frame.Two corners of frame are misaligned.Not examined outside of frame.,Post-War,Pop Art,images/auction_images/156.jpg
158,3000.0,Donald Sultan,"Fruit and Flowers III, Acanthus",1992.0,"Signed, titled, dated and numbered in pencil recto ",Slight oxidation of paper at edges.Minor nicks and scratches to metal frame.Not examined outside of frame.,Post-War,Minimalism,images/auction_images/158.jpg
159,5000.0,Sterling Ruby,Carvings 4 ,2006.0,[nan],No obvious signs of wear or damage.Not examined out of frame.,Contemporary,Abstract,images/auction_images/159.jpg
160,9500.0,Robert Indiana,"Seasons of Hope, Winter",2012.0,"Signed, dated and numbered in pencil recto",Excellent condition.,Contemporary,Pop Art,images/auction_images/160.jpg
161,9500.0,Robert Indiana,"Seasons of Hope, Autumn",2012.0,"Signed, dated and numbered in pencil recto",Excellent condition.,Contemporary,Pop Art,images/auction_images/161.jpg
162,3000.0,Donald Sultan,"Fruit and Flowers, Calla Lillies",1992.0,"Initialed, titled, dated and numbered in pencil recto ",Slight oxidation of paper at edges and where tape is adhered to top corners.Minor nicks and scratches to metal frame.Not examined outside of frame.,Post-War,Pop Art,images/auction_images/162.jpg
163,5000.0,Sterling Ruby,Carvings 2,2006.0,[nan],No obvious signs of wear or damage.Not examined out of frame.,Contemporary,Abstract,images/auction_images/163.jpg
164,3000.0,Donald Sultan,"Fruit and Flowers III, Five Pears, a Lemon, and an Egg",1994.0,"Signed, titled, dated and numbered in pencil recto ",Slight oxidation of paper at edges.Minor nicks and scratches to metal frame.Not examined outside of frame.,Post-War,Pop Art,images/auction_images/164.jpg
166,3000.0,Donald Sultan,"Fruit and Flowers III, Pomegranates",1994.0,"Initialed, titled, dated and numbered in pencil recto ",Minor nicks and scratches to metal frame.Not examined out of frame.,Post-War,Pop Art,images/auction_images/166.jpg
167,5000.0,Sterling Ruby,Carvings 3 ,2006.0,[nan],No obvious signs of damage or wear.Not examined out of frame.,Contemporary,Abstract,images/auction_images/167.jpg
169,5000.0,Sterling Ruby,Carvings 1,2006.0,[nan],No obvious signs of wear or damage.Not examined out of frame.,Contemporary,Abstract,images/auction_images/169.jpg
170,3000.0,Donald Sultan,"Fruit and Flowers III, Two Pears, a Lemon, and an Egg",1994.0,"Signed, titled, dated and numbered in pencil recto ",Slight oxidation of paper at edges.Minor nicks and scratches to metal frame.Not examined outside of frame.,Post-War,Pop Art,images/auction_images/170.jpg
171,2000.0,Richard Bernstein,Candy Darling,1968.0,The Estate of Richard Bernstein stamp on verso,The work is in excellent condition.,Contemporary,Pop Art,images/auction_images/171.jpg
172,3000.0,Richard Bernstein,Ruby,1977.0,"Signed, titled, numbered and dated on the front in pencil",The work is in excellent condition.,Contemporary,Pop Art,images/auction_images/172.jpg
173,5000.0,Richard Bernstein,Iggy Pop,1970.0,Signed by artist,The work is in excellent condition.,Contemporary,Pop Art,images/auction_images/173.jpg
174,1500.0,Richard Bernstein,Mick Jagger Newspaper,1969.0,The Estate of Richard Bernstein stamp on verso,The work is in excellent condition.,Contemporary,Pop Art,images/auction_images/174.jpg
176,6000.0,Richard Bernstein,Picasso Pixels,1998.0,"Signed, titled, numbered and dated on the front in pencil",The work is in excellent condition.,Contemporary,Pop Art,images/auction_images/176.jpg
178,3000.0,Richard Bernstein,Diamond,1977.0,"Signed, titled, numbered and dated on the front in pencil",The work is in excellent condition.,Contemporary,Pop Art,images/auction_images/178.jpg
180,10000.0,Hossein Edalatkhah,Belle Watling (Pink Whores) ,2021.0,Signed and dated on the reverse,The work is in excellent condition.,Contemporary,Expressionism,images/auction_images/180.jpg
181,12500.0,Hossein Edalatkhah,Dancing Shadows,2018.0,Signed and dated bottom right,The work is in excellent condition.,Contemporary,Organic/Biomorphic Abstraction,images/auction_images/181.jpg
182,4375.0,Hossein Edalatkhah,Entitled,2020.0,Signed on the reverse,The work is in excellent condition.,Contemporary,Expressionism,images/auction_images/182.jpg
184,4375.0,Hossein Edalatkhah,Shahmaran,2020.0,Signed on the reverse,This work is in excellent condition.,Contemporary,Expressionism,images/auction_images/184.jpg
185,10000.0,Hossein Edalatkhah,Pandora’s Garden,2019.0,Signed and dated on the reverse,The work is in excellent condition.,Contemporary,Expressionism,images/auction_images/185.jpg
186,2000.0,Barbara Morgan,"Martha Graham,  Ekstasis",1935.0,"Embossed signature, title, and date in pencil in the margin.","This print, on paper with an eggshell surface, is in generally excellent condition. There is a very faint handling crease visible only in high raking light at the center right. The work is offered unframed.",Modern,Performance Art,images/auction_images/186.jpg
188,2000.0,Barbara Morgan,"Martha Graham, Satyric Festival Song",1940.0,"Embossed signature, date, and annotation ‘Martha Graham’ in pencil in the margin.","This print, on paper with an eggshell surface, is in generally excellent condition. There are adhesive remnants on the mount. On the reverse of the mount, the following is written in pencil in an unidentified hand: ‘Photographed by Barbara Morgan / Martha Graham, Satyric Festival Song 1940.'",Modern,Performance Art,images/auction_images/188.jpg
189,3000.0,JOHN GIBSON,Small Ball,2003.0,"Signed, dated and numbered in pencil on recto",Good overall condition.Not examined out of frame.Minor sheet undulation.,Contemporary,Realism,images/auction_images/189.jpg
190,5000.0,Robert  Motherwell,Blue Gesture (Octavior Paz),1988.0,Signed and numbered in pencil lower right,Good overall condition.Not examined out of frame.Sheet undulation.,Post-War,Abstract Expressionism,images/auction_images/190.jpg
192,19200.0,Carl (Christian Edvard Otto) Carlsen,A Forest Walk in Autumn,1892.0,Signed and dated Carl. Carlsen./ 1892 lower right ,"The canvas is unlined. The paint surface is in good condition with thick impasto except for very fine pigment separation on the central figure's coat and on the tree trunk at right, in a small area. Under UV light, no evidence of inpainting.",19th Century,Impressionism,images/auction_images/192.jpg
193,4000.0,Eric Fischl,"Two Bathers, Black and White",2007.0,Signed E Fischl lower right verso; numbered 33/98 lower left verso,Not examined out of frame.Overall very good condition.,Contemporary,Expressionism,images/auction_images/193.jpg
194,2250.0,"Patrick Caulfield, R.A.",For John Constable,1976.0,Signed and numbered lower right,"Very good overall condition.Not examined out of frame.Frame with occasional minor marks, nicks and scratches.",Post-War,Pop Art,images/auction_images/194.jpg
195,1000.0,John Bankston,The Inventor ,2012.0,"Signed, titled and dated John Bankston The Inventory, 2012 verso; marked Acrylic on canvas verso",Overall very good condition.,Contemporary,Pop Art,images/auction_images/195.jpg
196,15000.0,Ansel Adams,"Fresh Snow, Yosemite Valley, California ",1947.0,Signed lower right recto,Water stain or smudge on mat on top left corner.Not examined out of frame.No obvious signs of wear to art.,Post-War,Realism,images/auction_images/196.jpg
197,10000.0,William Wegman,"'Letters, Numbers, Punctuation'",1993.0,"Each signed, dated, editioned '22/26,' and numbered or lettered sequentially in pencil on the reverse.",This portfolio composed of 44 gelatin silver prints is in generally excellent condition. The edges of each sheet bow upward slightly. The cloth clamshell box is very slightly soiled at the corners and edges.,Contemporary,Conceptual ,images/auction_images/197.jpg
198,3000.0,Michael Williams,Untitled (One Fourth Jew),2010.0,[nan],Overall very good condition.Not examined out of frame.Minor sheet undulation.,Contemporary,Conceptual ,images/auction_images/198.jpg
199,28000.0,Agnieszka  Pilat,B70 Mother and Child ,2021.0,Stamped Pilat lower right verso,Overall excellent condition ,Contemporary,Abstract,images/auction_images/199.jpg
200,32000.0,Agnieszka  Pilat,B70 Multiples,2021.0,Stamped Pilat lower right verso ,Overall excellent condition,Contemporary,Abstract,images/auction_images/200.jpg
201,3000.0,Hayal Pozanti,Active Cell,2014.0,"Signed by artist and numbered, front",Very good condition,Contemporary,Geometric Abstraction,images/auction_images/201.jpg
202,8500.0,William Wegman,Enframed,1995.0,"Signed ""Thanks Nancy"" William Wegman on verso",Very good condition,Post-War,Realism,images/auction_images/202.jpg
203,15000.0,Philip Guston,Rug,1980.0,"Signed by artist and numbered, recto",Very good condition,Post-War,Social Realism,images/auction_images/203.jpg
204,7500.0,Allison V. Smith,Refinery Road (one of three),2007.0,[nan],Very good condition,Contemporary,Realism,images/auction_images/204.jpg
206,3500.0,Vernon Fisher,Objects in the Field,1990.0,"Signed by artist and numbered, recto",Very good condition,Post-War,Conceptual ,images/auction_images/206.jpg
207,3680.0,Charles Arnoldi,Skylar,2013.0,"Signed by artist and numbered, recto",Very good condition,Contemporary,Abstract Expressionism,images/auction_images/207.jpg
209,12000.0,Victoria Sambunaris,"Untitled (White Trains on Salt Flats, I-80, Great Salt Lake Desert, Utah)",2010.0,[nan],Very good condition,Contemporary,Realism,images/auction_images/209.jpg
210,3000.0,Donald Sultan,Black Flowers 1,1996.0,"Signed by artist and numbered, recto",Very good condition,Post-War,Expressionism,images/auction_images/210.jpg
211,5500.0,Hung Liu,Migrant Child: with Bunny,2019.0,"Signed by artist and numbered, recto",Very good condition,Contemporary,Realism,images/auction_images/211.jpg
212,3680.0,Charles Arnoldi,Walter,2013.0,"Signed by artist and numbered, recto",Very good condition,Contemporary,Abstract Expressionism,images/auction_images/212.jpg
213,13000.0,Jim Dine,Cream and Red Robe on a Stone,2010.0,"Signed by artist and numbered, recto",Very good condition,Contemporary,Pop Art,images/auction_images/213.jpg
214,1840.0,Hayal Pozanti,A Sacred Canopy,2014.0,"Signed by artist and numbered, recto",Very good condition,Contemporary,Geometric Abstraction,images/auction_images/214.jpg
216,10000.0,Biff Elrod,Side Glance Two ,2017.0,signed verso ,[nan],Contemporary,Pop Art,images/auction_images/216.jpg
217,5000.0,Mike Reesé,Greed Sweet Like Candy,2021.0,Signed and titled on the reverse,Excellent condition.,Contemporary,Pop Art,images/auction_images/217.jpg
218,5000.0,Carlos W. Desrosiers,Creation no. 008,2021.0,Signed verso,Excellent condition.,Contemporary,Abstract,images/auction_images/218.jpg
219,2500.0,Louise Donegan,Requin Rouge,2016.0,Signed recto Accompanied by a certificate of authenticity,Excellent condition.,Contemporary,Pop Art,images/auction_images/219.jpg
221,25000.0,Tom  Wesselmann,Still Life with Blonde and Goldfish,2000.0,[nan],"The work is in excellent condition, direct from the publisher.",Contemporary,Pop Art,images/auction_images/221.jpg
222,24000.0,Ed  Ruscha,Rusty Signs - Dead End 1,2014.0,[nan],"The work is in excellent condition, direct from the publisher.",Contemporary,Conceptual ,images/auction_images/222.jpg
223,20000.0,Ed  Ruscha,Rusty Signs - Cash for Tools 1,2014.0,[nan],"The work is in excellent condition, direct from the publisher.",Contemporary,Conceptual ,images/auction_images/223.jpg
224,9000.0,Ed  Ruscha,Petro Plots: Laurel Canyon/Ventura Boulevard,2001.0,[nan],"The work is in excellent condition, direct from the publisher.",Contemporary,Conceptual ,images/auction_images/224.jpg
225,9000.0,Ed  Ruscha,Petro Plots: Hollywood/Vine,2001.0,[nan],"The work is in excellent condition, direct from the publisher.",Contemporary,Conceptual ,images/auction_images/225.jpg
226,15000.0,Ed  Ruscha,"New Wood, Old Wood",2007.0,[nan],"The work is in excellent condition, direct from the publisher.",Contemporary,Conceptual ,images/auction_images/226.jpg
227,18000.0,Jorge Pardo,Untitled,2006.0,[nan],"The work is in excellent condition, direct from the publisher.",Contemporary,Conceptual ,images/auction_images/227.jpg
228,25000.0,Louise  Bourgeois,Crochet V,1998.0,[nan],"The work is in excellent condition, direct from the publisher.",Post-War,Feminist Art ,images/auction_images/228.jpg
229,5000.0,Mimmo Paladino,California Suite No. 10,2004.0,[nan],"The work is in excellent condition, direct from the publisher.",Contemporary,Expressionism,images/auction_images/229.jpg
230,25000.0,Louise  Bourgeois,Crochet IV,1998.0,[nan],"The work is in excellent condition, direct from the publisher.",Post-War,Feminist Art ,images/auction_images/230.jpg
231,14000.0,John Baldessari,Stonehenge (With Two Persons) Blue,2005.0,[nan],"The work is in excellent condition, direct from the publisher.",Contemporary,Conceptual ,images/auction_images/231.jpg
232,22000.0,John Baldessari,Concrete Couples,2015.0,[nan],"The work is in excellent condition, direct from the publisher.",Contemporary,Conceptual ,images/auction_images/232.jpg
233,12000.0,John Baldessari,BLAH,2018.0,[nan],"The work is in excellent condition, direct from the publisher.",Contemporary,Pop Art,images/auction_images/233.jpg
234,15000.0,Elizabeth Murray,Shack,1994.0,"Signed mid-work, far right","The work is in excellent condition, direct from the publisher.",Post-War,Abstract,images/auction_images/234.jpg
235,9500.0,Robert Rauschenberg,Back-up (Ground Rules),1997.0,Signed lower right,"The work is in excellent condition, direct from the publisher.",Post-War,Conceptual ,images/auction_images/235.jpg
236,40000.0,Jasper Johns,Untitled,2018.0,Signed lower right,"The work is in excellent condition, direct from the publisher.",Contemporary,Pop Art,images/auction_images/236.jpg
237,35000.0,Jasper Johns,Regrets,2014.0,Signed lower right,"The work is in excellent condition, direct from the publisher.",Contemporary,Abstract,images/auction_images/237.jpg
238,12000.0,Helen Frankenthaler,Causeway,2001.0,Signed lower right,"This work is in excellent condition, direct from the publisher.",Contemporary,Abstract,images/auction_images/238.jpg
239,15000.0,Kiki Smith,Friend,2008.0,Signed lower right,"The work is in excellent condition, direct from the publisher.",Contemporary,Expressionism,images/auction_images/239.jpg
240,15000.0,Kiki Smith,Fortune,2008.0,Signed lower right,"The work is in excellent condition, direct from the publisher.",Contemporary,Expressionism,images/auction_images/240.jpg
241,1500.0,Marina Adams,Untitled 2,2018.0,Signed lower right,"The work is in excellent condition, direct from the publisher.",Contemporary,Abstract,images/auction_images/241.jpg
242,7500.0,Terry Winters,Fate Map,2013.0,Signed lower right,"The work is in excellent condition, direct from the publisher.",Contemporary,Abstract,images/auction_images/242.jpg
243,2500.0,Ed  Ruscha,Bow-Tie Rivet (Bow-Tie Landscapes),2003.0,Signed lower right,"The work is in excellent condition, direct from the publisher.",Contemporary,Realism,images/auction_images/243.jpg
244,9000.0,Martin Puryear,Untitled (State 1),2016.0,Signed lower right,"The work is in excellent condition, direct from the publisher.",Contemporary,Minimalism,images/auction_images/244.jpg
245,7960.0,Carroll  Dunham,Untitled (March_31_2015),2015.0,Signed on upper right,"The work is in excellent condition, direct from the publisher.",Contemporary,Expressionism,images/auction_images/245.jpg
246,15000.0,Carmen Herrera,Island,2020.0,Signed verso,"The work is in excellent condition, direct from the publisher.",Contemporary,Geometric Abstraction,images/auction_images/246.jpg
247,45000.0,Christopher Wool,Untitled (Triptych),1998.0,"Signed, dated and numbered in pencil","The work is in excellent condition, direct from the publisher.",Contemporary,Abstract,images/auction_images/247.jpg
248,9500.0,Didier Vermeiren,"Lenticular Photographs, Los Angeles Studio, 2008",2008.0,Signed on certificate attached to back of frame,"The work is in excellent condition, direct from the publisher.",Contemporary,Conceptual ,images/auction_images/248.jpg
249,3500.0,Giuseppe Penone,Brain I,2000.0,"Signed in pencil at bottom right edge, numbered bottom left","The work is in excellent condition, direct from the publisher.",Contemporary,Conceptual ,images/auction_images/249.jpg
250,4500.0,Giuseppe Penone,Brain II,2000.0,"Signed in pencil bottom right edge, numbered bottom left","The work is in excellent condition, direct from the publisher.",Contemporary,Conceptual ,images/auction_images/250.jpg
251,21000.0,Abelardo Morell,After Hitchcock: Psycho. House. Tent-Camera Image,2018.0,"Signed and numbered in pen on a label, on verso of Dibond mount","The work is in excellent condition, direct from the publisher.",Contemporary,Conceptual ,images/auction_images/251.jpg
252,4000.0,Guillermo Kuitca,Coat Check,2002.0,"Signed, dated and editioned lower right","The work is in excellent condition, direct from the publisher.",Contemporary,Geometric Abstraction,images/auction_images/252.jpg
253,35000.0,Sam  Francis,Untitled (sfm 83-471),1983.0,"Signed ""Sam Francis"" in pencil on verso, inscribed ""SFM83-471 25 X 31-1/2"" in pencil on verso","The work is in excellent condition, direct from the publisher.",Contemporary,Abstract Expressionism,images/auction_images/253.jpg
254,25000.0,Elger Esser,Hoquiam,2008.0,Signed on label,"The work is in excellent condition, direct from the publisher.",Contemporary,Realism,images/auction_images/254.jpg
255,7500.0,Matthew Brandt,"Box, SN1987A-4420-sm.tif",2019.0,Signed on label on verso,"The work is in excellent condition, direct from the publisher.",Contemporary,Conceptual ,images/auction_images/255.jpg
256,7500.0,Matthew Brandt,"Box, Bar-pt1-pl014_sm.jpg",2019.0,Signed on label on verso,"The work is in excellent condition, direct from the publisher.",Contemporary,Conceptual ,images/auction_images/256.jpg
257,22500.0,Valérie Belin,White Narcissus in Orange (Colour Wonder),2018.0,Signed on labels on Dibond on verso,"The work is in excellent condition, direct from the publisher.",Contemporary,Conceptual ,images/auction_images/257.jpg
258,12500.0,Marina Abramović,Chair for the Spirit Chair for Man,1999.0,Signed in pencil and numbered,"The work is in excellent condition, direct from the publisher.",Contemporary,Conceptual ,images/auction_images/258.jpg
259,9500.0,Yong Jo Ji,Nirvana ,2014.0,[nan],Overall excellent condition.,Contemporary,Abstract,images/auction_images/259.jpg
260,32000.0,Mel  Bochner,"Measurement: 41""/22""",1998.0,"i. signed, titled and dated 1998 on the reverseii. titled on the reverseiii. titled on the reverse",Unframed. In good condition overall.,Contemporary,Conceptual ,images/auction_images/260.jpg
263,48000.0,Matt Mullican,Untitled (Cosmology Signs),1991.0,Signed and dated verso,Excellent condition.,Contemporary,Conceptual ,images/auction_images/263.jpg
264,11000.0,Antonio Carreno,Allegorical #2,2016.0,Signed lower right recto,Excellent condition.,Contemporary,Abstract Expressionism,images/auction_images/264.jpg
266,40000.0,Frank Schroeder,Tales of God,2016.0,Signed lower left recto,Excellent condition.,Contemporary,Expressionism,images/auction_images/266.jpg
267,30000.0,Danny Simmons,The Golden Path,2016.0,Signed verso,Excellent condition.,Contemporary,Abstract Expressionism,images/auction_images/267.jpg
268,11000.0,Antonio Carreno,Racing Divine,2016.0,Signed lower right recto,Excellent condition.,Contemporary,Abstract Expressionism,images/auction_images/268.jpg
269,30000.0,Danny Simmons,Traveling,2016.0,Signed verso,Excellent condition.,Contemporary,Abstract Expressionism,images/auction_images/269.jpg
270,40000.0,Frank Schroeder,Endless Summer in the Garden,2016.0,Signed lower left recto,Excellent condition.,Contemporary,Abstract,images/auction_images/270.jpg
271,40000.0,Frank Schroeder,1001 Nights,2016.0,Signed lower left recto,Excellent condition.,Contemporary,Abstract,images/auction_images/271.jpg
272,6000.0,Mieke Marple,Exotic Garden (Venus Fly Trap),2021.0,Signed verso,Excellent condition.,Contemporary,Feminist Art ,images/auction_images/272.jpg
273,6000.0,Mieke Marple,Exotic Garden (Flora),2021.0,Signed verso,Excellent condition.,Contemporary,Feminist Art ,images/auction_images/273.jpg
274,19000.0,Henry Gunderson,Neurochamber,2019.0,Signed verso,Excellent condition.,Contemporary,Realism,images/auction_images/274.jpg
275,12000.0,Mieke Marple,Bad Feminist (Blue Lace Medusa),2019.0,Signed verso,Excellent condition.,Contemporary,Feminist Art ,images/auction_images/275.jpg
276,20000.0,Henry Gunderson,Down So Long It Looks Up,2019.0,Signed verso,Excellent condition.,Contemporary,Surrealism,images/auction_images/276.jpg
277,22500.0,Christine Wang,Woman Yacht,2019.0,Signed verso,Excellent condition.,Contemporary,Realism,images/auction_images/277.jpg
278,6000.0,Mieke Marple,Erotic Garden (Lily),2021.0,Signed verso,Excellent condition.,Contemporary,Feminist Art ,images/auction_images/278.jpg
279,12000.0,Christine Wang,Leo Baby,2020.0,Signed verso,Excellent condition.,Contemporary,Realism,images/auction_images/279.jpg
280,20000.0,Henry Gunderson,Scissor Lock,2019.0,Signed verso,Excellent condition.,Contemporary,Realism,images/auction_images/280.jpg
282,5000.0,Raymond Cauchetier,"'À bout de souffle' (Belmondo and Seberg, Champs Elysées, Paris)",1959.0,"Signed, titled and dated in pencil verso",Excellent condition.,Post-War,Realism,images/auction_images/282.jpg
283,7000.0,Douglas Kirkland,"Audrey Hepburn, Paris",1965.0,Signed Certificate of Authenticity,Excellent condition.,Post-War,Realism,images/auction_images/283.jpg
284,10000.0,Michael Kenna,"Ile de La Cite (Merci HCB), Paris, France",1992.0,"Signed, numbered, and dated in pencil recto; Signed, titled, dated and numbered with photographer's copyright stamp verso",Excellent condition.,Post-War,Realism,images/auction_images/284.jpg
285,5000.0,Norman Parkinson,Cardin Hat Over Paris,1948.0,"Signed, stamped, titled and numbered by the Norman Parkinson Archive",Excellent condition.,Post-War,Realism,images/auction_images/285.jpg
286,9500.0,Frances McLaughlin-Gill,"Fiona Campbell, The Palace at Versailles, Paris",1950.0,"Signed, dated and titled in pencil verso",Excellent condition.,Post-War,Realism,images/auction_images/286.jpg
287,15000.0,Horst P. Horst,Dali Costumes - Paris,1939.0,"Blindstamped on recto; Signed, titled and dated in pencil and with photographer's stamp on verso",Excellent condition.,Modern,Realism,images/auction_images/287.jpg
288,8000.0,Marc Riboud,"Yves Saint-Laurent, Paris",1964.0,Signed verso in pencil and with photographer's stamp,Excellent condition.,Post-War,Realism,images/auction_images/288.jpg
289,6000.0,William Klein,Serge Gainsbourg (Cover for 'Love on the Beat' Album),1984.0,Signed in ink on the photographer's label on verso,Excellent condition.,Post-War,Realism,images/auction_images/289.jpg
290,8000.0,Frances McLaughlin-Gill,Dior Black - Paris Collections for Vogue Magazine,1952.0,"Signed, dated and titled in pencil verso",Excellent condition.,Post-War,Realism,images/auction_images/290.jpg
291,6000.0,William Klein,"Dorothy + Little Bara, Paris",1960.0,"Signed, dated and titled in pencil verso",Excellent condition.,Post-War,Realism,images/auction_images/291.jpg
292,25000.0,George Hoyningen-Huene,"Divers, Paris",1930.0,"Embossed with photographer's stamp; Signed and inscribed ""From the collection of Horst"" by Horst P. Horst in pencil on verso",[nan],Modern,Realism,images/auction_images/292.jpg
293,50000.0,Lillian Bassman,"Across the Restaurant at Le Grand Vefour, Barbara Mullen, Harper's Bazaar, Paris [Dress by Jacques Fath]",1949.0,Signed in pencil verso,Excellent condition.,Post-War,Realism,images/auction_images/293.jpg
294,2700.0,Russell Young,Bardot,2007.0,Signed and numbered recto,Excellent condition.,Contemporary,Pop Art,images/auction_images/294.jpg
295,16000.0,Russell Young,Marilyn Crying,2019.0,"Signed and numbered ""JX"" verso",Excellent condition.,Contemporary,Pop Art,images/auction_images/295.jpg
296,15000.0,Russell Young,Elizabeth Taylor Portrait,2008.0,"Signed and numbered ""RY2008"" verso",Excellent condition.,Contemporary,Pop Art,images/auction_images/296.jpg
297,22000.0,Russell Young,Audrey Hepburn,2019.0,"Signed and numbered ""FX"" verso",Excellent condition.,Contemporary,Pop Art,images/auction_images/297.jpg
298,5100.0,Russell Young,Marilyn Hope,2013.0,Signed and numbered recto,Excellent condition.,Contemporary,Pop Art,images/auction_images/298.jpg
299,5100.0,Russell Young,Marilyn Portrait,2011.0,Signed and numbered recto,Excellent condition.,Contemporary,Pop Art,images/auction_images/299.jpg
300,32000.0,Russell Young,Kate Moss Diptych,2015.0,"Signed and numbered ""BII"" verso",Excellent condition.,Contemporary,Pop Art,images/auction_images/300.jpg
305,15000.0,Russell Young,Elvis,2007.0,Signed and numbered verso,Excellent condition.,Contemporary,Pop Art,images/auction_images/305.jpg
308,13000.0,Russell Young,Elvis Pistol,2011.0,"Signed and marked ""RY PEACE"" verso",Excellent condition.,Contemporary,Pop Art,images/auction_images/308.jpg
309,15000.0,Russell Young,Elvis,2007.0,Signed and numbered verso,Excellent condition.,Contemporary,Pop Art,images/auction_images/309.jpg
311,5995.0,Harry Callahan,"Skyscraper with Person and Flagpole, New York",1977.0,Signed in pencil in the margin,"Print is in generally excellent condition.The colors are rich and saturated, with no apparent signs of fading.",Post-War,Realism,images/auction_images/311.jpg
312,3495.0,Kota Ezawa,The Melody of Destiny,2008.0,[nan],"The transparency and light box are in generally excellent condition.Under close inspection, there are scattered hairline scratches and scuffs to the light box's plexiglass and metal components, none of which detract from its overall fine appearance.The electrical components of the light box are functional.",Contemporary,Conceptual ,images/auction_images/312.jpg
313,3495.0,Kota Ezawa,Conical Intersect (After Gordon Matta-Clark 1975),2005.0,[nan],"The transparency and light box are in generally excellent condition.Under close inspection, there are scattered hairline scratches and scuffs to the light box's plexiglass and metal components, none of which detract from its overall fine appearance.The electrical components of the light box are functional.",Contemporary,Realism,images/auction_images/313.jpg
314,9995.0,Sze Tsung Leong,"Lincoln Center, New York",2003.0,Signed in ink on the photographer's label on the reverse,"This chromogenic print is in generally excellent condition.The colors are rich and saturated, with no apparent fading.",Contemporary,Realism,images/auction_images/314.jpg
315,3995.0,Kota Ezawa,Earth from Moon (After NASA 1969),2006.0,[nan],"The transparency and light box are in generally excellent condition.Under close inspection, there are scattered hairline scratches and scuffs to the light box's plexiglass and metal components, none of which detract from its overall fine appearance.The electrical components of the light box are functional.",Contemporary,Realism,images/auction_images/315.jpg
316,3995.0,After Kota Ezawa,The Bohemians (After August Sander 1924),2006.0,[nan],"The transparency and light box are in generally excellent condition.Under close inspection, there are scattered hairline scratches and scuffs to the light box's plexiglass and metal components, none of which detract from its overall fine appearance.The electrical components of the light box are functional.",Contemporary,Realism,images/auction_images/316.jpg
317,6995.0,Abelardo Morell,Camera Obscura Image of the Brooklyn Bridge in Bedroom,1999.0,"Signed, titled, dated, and numbered in pencil on the reverse",Print is in generally excellent condition.There is a tiny deposit of original retouching in the lower right corner and a crescent-shaped handling crease in the lower left that is only visible under raking light and does not appear to break the emulsion.,Post-War,Realism,images/auction_images/317.jpg
319,8995.0,Sze Tsung Leong,"Luohu District, Shenzhen",2008.0,Signed in ink on the photographer's label on the reverse,"This chromogenic print is in generally excellent condition.The colors are rich and saturated, with no apparent fading.",Contemporary,Realism,images/auction_images/319.jpg
320,3495.0,Harry Callahan,"Beach and Shells, Horseneck Beach, Massachusetts",1978.0,Signed in pencil in the margin,Print is in generally excellent condition.The colors are rich and saturated with no apparent fading.,Post-War,Realism,images/auction_images/320.jpg
322,13500.0,Charles Green Shaw,Giant Clutch,1965.0,Signed Charles Shaw and dated 1965 (on the reverse),"This work is unlined.The surface of the work is dirty with scattered pindots of surface accretion.Under UV: Although some pigments read strongly, they appear to be the artist's original.",Post-War,Abstract,images/auction_images/322.jpg
323,4000.0,John Baldessari,Visionaire 64 Art Blue Edition,2014.0,Numbered on portfolio case,Screenprints are in excellent condition.,Contemporary,Conceptual ,images/auction_images/323.jpg
324,17000.0,Charly Palmer,Erasing Memories,2020.0,Signed verso,Excellent condition.,Contemporary,Expressionism,images/auction_images/324.jpg
325,17000.0,Charly Palmer,Tar Baby,2012.0,Signed by artist,Excellent condition.,Contemporary,Expressionism,images/auction_images/325.jpg
326,14000.0,Lisa Oppenheim,California Wildfire 2010/2012 (Version II),2012.0,"Signed by the photographer in ink on a Tanya Bonakdar Gallery, New York, label on the reverse of the frame.",This work has not been examined unframed as issued. It appears to be in generally excellent condition. Framed under glass.,Contemporary,Abstract,images/auction_images/326.jpg
327,1250.0,Devin Troy Strother,Grateful Dead Afro Cat Show,2021.0,Signed and numbered recto,Excellent condition.,Contemporary,Pop Art,images/auction_images/327.jpg
330,2000.0,Jutta Koether,Untitled,1992.0,Signed and dated lower right rectoInscribed verso,No obvious signs of wear.,Contemporary,Expressionism,images/auction_images/330.jpg
331,3000.0,James Siena,Spacelock (second version),1999.0,[nan],Not examined out of frame.No obvious signs of wear or damage.,Contemporary,Geometric Abstraction,images/auction_images/331.jpg
332,1500.0,Enoc Perez,Untitled,2005.0,"Signed, dated and inscribed verso",No obvious signs of wear.,Contemporary,Realism,images/auction_images/332.jpg
334,3000.0,James Siena,Antenna,2003.0,[nan],Not examined out of frame.No obvious signs of wear or damage.,Contemporary,Geometric Abstraction,images/auction_images/334.jpg
335,3000.0,Mike Bidlo,"Not Warhol, Marilyn",1984.0,[nan],This work is in very good condition.No obvious signs of wear.,Contemporary,Pop Art,images/auction_images/335.jpg
336,1000.0,Jennifer Reeves,"Place, 4-17",1997.0,Signed and dated verso,No obvious signs of wear.,Post-War,Conceptual ,images/auction_images/336.jpg
338,1500.0,Sarah Braman,Indian Summer 8 pm,2010.0,Signed and dated verso,No obvious signs of wear.,Contemporary,Abstract,images/auction_images/338.jpg
339,2550.0,James Siena,"Taste The Houses, Twirly, Upside Down Devil",1997.0,Signed lower right recto,No obvious signs of wear.,Contemporary,Geometric Abstraction,images/auction_images/339.jpg
340,4000.0,Michele Abeles,3-Way,2013.0,Signed on the reverse.,Not examined out of frame.No obvious signs of wear or damage.,Contemporary,Conceptual ,images/auction_images/340.jpg
341,1500.0,Kika Karadi,Untitled (OPM No. 1),2014.0,"Signed, titled and dated on the reverse",No obvious signs of wear or damage.,Contemporary,Abstract,images/auction_images/341.jpg
342,10000.0,Julia Rommel,Hobby,2012.0,Signed and dated on reverse ,No obvious signs of wear or damage.,Contemporary,Conceptual ,images/auction_images/342.jpg
343,2250.0,CARL VAN VECHTEN,Dizzy Gillespie,1955.0,[nan],This work is in very good condition.No obvious signs of wear or use.,Post-War,[nan],images/auction_images/343.jpg
344,4000.0,Flip Schulke,"Cassius Clay, Miami Beach",1961.0,"Signed and copyrighted in pencil and with a Flip Schulke studio label annotated ‘PAGE: 16.’ in ink, on the reverse.","This print is in generally excellent condition. The margin edges are worn and there is a sharp crease in the upper left margin corner that does not appear to break the emulsion. ‘#40 in show’ is written in pencil on the reverse, possibly in the photographer’s hand.",Post-War,Realism,images/auction_images/344.jpg
346,800.0,Carl Roters,Indian Horses,1971.0,Signed and dated 1971 lower right,No apparent signs of damage to artwork.Not examined out of frame.Overmat with several wrinkles.Frame with minor wear.,Post-War,Realism,images/auction_images/346.jpg
347,30000.0,Robin Rhode,Ballad to Ballet,2008.0,[nan],Work appears to be in good condition. Light dust throughout. Some frames are scratched and dinged.,Contemporary,Conceptual ,images/auction_images/347.jpg
348,18000.0,Dashiell Manley,"Triangles (Front, Back, Blue Gels, Fingers)",2013.0,[nan],Good condition.,Contemporary,Abstract,images/auction_images/348.jpg
349,15000.0,Jessica Jackson Hutchins,Punctuation,2011.0,[nan],The work appears to be in excellent condition. The piece is framed. There are some very small pieces of material in the bottom of the frame that have come away from the piece. This work has not been inspected out of the frame.,Contemporary,Abstract,images/auction_images/349.jpg
350,12000.0,Artie Vierkant,Image Object Sunday 12 February 2012 6:22pm,2012.0,[nan],Artwork not inspected.,Contemporary,Abstract,images/auction_images/350.jpg
351,23000.0,James Welling,Glass House,2010.0,"Signed, titled, dated and numbered lower recto",Excellent condition. Frame has slightly cracked miter joint on upper right corner.,Contemporary,Conceptual ,images/auction_images/351.jpg
353,160000.0,Alex Katz,Black Dress Portfolio,2015.0,Signed and numbered,Excellent condition.,Contemporary,Pop Art,images/auction_images/353.jpg
354,6500.0,Biff Elrod,Other Woman I,2011.0,"Front lower left ""B.F. Elrod""",Excellent condition.,Contemporary,Pop Art,images/auction_images/354.jpg
355,5500.0,Biff Elrod,G-OW-RW,2008.0,Signed verso ,Excellent condition.,Contemporary,Pop Art,images/auction_images/355.jpg
357,4500.0,Ralph Morse,Cassius Clay After Defeating Sonny Liston,1964.0,[nan],"This early print is in generally very good condition. Visible under close inspection are some scuffs, soft handling creases and an approximately one-inch crease in the lower left quadrant that appears to break the emulsion. There is minor edge wear, with some sharp creases that break the emulsion and occasional losses. On the reverse are numerous reproduction notations in crayon and graphite in unidentified hands.",Modern,Realism,images/auction_images/357.jpg
359,4000.0,Flip Schulke,Cassius Clay training in a pool at the Sir John Hotel in Miami,1964.0,"Blindstamped by the photographer’s archive in the margin.Signed and copyrighted in pencil on the reverse, a Flip Schulke, West Palm Beach studio label on the reverse annotated ‘M. Ali’ in ink.",[nan],Modern,Realism,images/auction_images/359.jpg
360,4000.0,Flip Schulke,"Muhammad Ali at the Fifth Street Gym, Miami Beach",1964.0,"A Flip Schulke, West Palm Beach studio label on the reverse, annotated ‘1964’ in red ink.",This print is in generally excellent condition. There are occasional hairline scratches. In the margin is a piece of adhesive with ‘P74’ and ‘63%’ written in pencil in an unidentified hand.,Modern,Realism,images/auction_images/360.jpg
361,22500.0,Christopher Williams,"CUTAWAY MODEL NIKKOR ZOOM LENS 50-300MM Ƒ/4.5. PHOTOGRAPHY BY THE DOUGLAS M. PARKER STUDIO, LOS ANGELES, CALIFORNIA, OCTOBER 13, 2007 - OCTOBER 29, 2007",2007.0,"Signed, partially titled, dated 08 and numbered AP on the reverse","This work is in very good condition overall.There is a light layer of surface dust that has adhered to the surface.Under very close inspection there is a white spot accretion, 7 inches from the top edge and 10 inches from the left edge.",Contemporary,Realism,images/auction_images/361.jpg
362,37000.0,Marcel Dyf,Fille aux Violets,1957.0,Signed Dyf bottom left in paint,"Overall very good condition.Small chip to canvas at left side, middle.Occasional scratching and chips at frame corners.Not examined out of frame.",Post-War,Impressionism,images/auction_images/362.jpg
363,9350.0,Mickalene Thomas,Portrait of Marie Sitting in Black and White,2012.0,[nan],Excellent condition.Not examined out of frame.,Contemporary,Conceptual ,images/auction_images/363.jpg
365,20000.0,Hiroshi Sugimoto,Helicoid Minimal Surface,2004.0,Signed in front under the mat on the right side.,Excellent condition.,Contemporary,Conceptual ,images/auction_images/365.jpg
366,20000.0,Hiroshi Sugimoto,Differential Bevel Gear,2004.0,Signed in front under the mat on the right side.,Excellent condition.,Contemporary,Conceptual ,images/auction_images/366.jpg
367,5000.0,Berndnaut Smilde,Iconoclouds,2013.0,Artist and printer chops on right front.,Excellent condition.,Contemporary,Conceptual ,images/auction_images/367.jpg
368,25000.0,Ed  Ruscha,Sin,1970.0,"Signed, dated and numbered on front left corner.",Excellent condition.,Contemporary,Conceptual ,images/auction_images/368.jpg
369,5000.0,Allan  McCollum,Lands of Shadow and Substance #27,2014.0,[nan],Excellent condition.,Contemporary,Conceptual ,images/auction_images/369.jpg
370,5000.0,Allan  McCollum,Lands of Shadow and Substance #21,2014.0,[nan],Excellent condition.,Contemporary,Conceptual ,images/auction_images/370.jpg
371,5000.0,Allan  McCollum,Lands of Shadow and Substance #2,2014.0,[nan],Excellent condition.,Contemporary,Conceptual ,images/auction_images/371.jpg
372,2000.0,Sophie Von Hellermann,Untitled ,2010.0,"Signed ""Sophie von Hellermann"" in block capitals and with the artist's signature.",No obvious signs of wear or use. ,Contemporary,Expressionism,images/auction_images/372.jpg
373,2000.0,Dawn Mellor,Untitled ,1998.0,"Signed ""Dawn Mellor"" in block capitals and with the artist's signature.",Minor losses to paint layers on edges.Water damage on verso. ,Contemporary,Expressionism,images/auction_images/373.jpg
374,3000.0,Gillian Carnegie,Untitled ,1998.0,"Signed ""Gillian Carnegie"" in block capitals and with the artist's signature.",No obvious signs of wear or use. ,Contemporary,Impressionism,images/auction_images/374.jpg
375,6000.0,Lawrence Weiner,BE THAT AS IT MIGHT - ASPIRE,2009.0,"Signed ""Lawrence Weiner"" in block capitals and with the artist's signature.",Occasional smudges and wear to corners. ,Contemporary,Conceptual ,images/auction_images/375.jpg
377,4000.0,Zak Smith,Things I Drew and Pinned to the Wall 2007,2007.0,[nan],[nan],Contemporary,Punk,images/auction_images/377.jpg
378,2000.0,Matthew Brannon,Sick Whore 2006,2006.0,[nan],[nan],Contemporary,Conceptual ,images/auction_images/378.jpg
379,4000.0,Zak Smith,Full-Spectrum Dominance in All Theaters 2007,2007.0,[nan],[nan],Contemporary,Punk,images/auction_images/379.jpg
380,2000.0,Matthew Brannon,How It All Ends 2006,2006.0,[nan],[nan],Contemporary,Conceptual ,images/auction_images/380.jpg
381,9500.0,Paige Neuhauser,W. 28th from Great Jones Alley series,2021.0,Signed on verso,This work is in excellent condition.,Contemporary,Photorealism,images/auction_images/381.jpg
383,9500.0,Paige Neuhauser,Great Jones #2 from Great Jones Alley Series,2021.0,Signed on verso,This work is in excellent condition.,Contemporary,Photorealism,images/auction_images/383.jpg
385,2500.0,Doris McCarthy,Arancia,2021.0,"Titled, numbered, signed and dated recto",Excellent condition.,Contemporary,Abstract,images/auction_images/385.jpg
386,2500.0,Doris McCarthy,lampone,2021.0,"Titled, numbered, signed and dated recto",Excellent condition ,Contemporary,Abstract,images/auction_images/386.jpg
387,8000.0,Diane Tuft,States of Matter,2005.0,"Signed, dated, titled and numbered on the reverse.",This work is in very good condition overall.Small nick to one corner of the frame.,Contemporary,Environmental Art,images/auction_images/387.jpg
388,8000.0,Diane Tuft,Red Sea,2005.0,"Signed, dated, titled and numbered on the reverse.",This work is in very good condition with no obvious signs of damage or wear.,Contemporary,Environmental Art,images/auction_images/388.jpg
390,3895.0,Bruce Nauman,Sequence,1969.0,Signed in ink lower right,This work is in very good condition.Minor crease and bend to lower right corner of print.,Post-War,Pop Art,images/auction_images/390.jpg
391,15000.0,Francesco Correggia,Nevermore,2013.0,Signed verso ,Overall excellent condition.,Contemporary,Abstract,images/auction_images/391.jpg
392,12000.0,Francesco Correggia,Verso Sera,2012.0,Signed verso ,Overall excellent condition.,Contemporary,Abstract,images/auction_images/392.jpg
393,12000.0,Francesco Correggia,Si Sciara,2012.0,Signed verso ,Overall excellent condition.,Contemporary,Abstract,images/auction_images/393.jpg
394,7000.0,Thomas Struth,"Schönfeldstrasse (Bronze-Reiter), München",1984.0,"Signed, titled, dated, and editioned '2/10' in pencil on the reverse.Signed in ink on a label and with a Lisson Gallery, London, label on the reverse.","This ferrotyped print, on double-weight Agfa paper, is in generally excellent condition. Upon close inspection in raking light, the following are visible: scattered, minor pitting; a few hairline scratches and scuffs; a sharp, crescent-shaped handling crease in the lower left quadrant; and a v-shaped soft crease in the upper right quadrant.The signed label on the reverse of the frame is annotated 'DM 3,200.-' in an unidentified hand in ink.",Post-War,Realism,images/auction_images/394.jpg
395,7000.0,Thomas Struth,"Yamaguchi, Landscape with Garages",1986.0,"Signed, titled, dated, and editioned '3/10' in pencil on the reverse. Signed in ink on a label and with a Lisson Gallery, London, label on the reverse.","This large ferrotyped print, on double-weight Agfa paper, is in generally excellent condition. When examined closely in raking light, some minor pitting and a few deposits of original retouching are visible. The upper and lower margins are very gently rippled. The signed label on the reverse of the frame is annotated 'DM 2.900.-' in an unidentified hand in pencil. ",Post-War,Realism,images/auction_images/395.jpg
396,70000.0,Willem de Kooning,Untitled ,1955.0,"Signed de Kooning in pencil; inscribed in pencil right side recto ""to Leonardo from Bill with Love"" ","This drawing is in good and stable condition consistent with its age, the inherent quality of the artist's chosen materials, and other examples of the artist's works using similar materials.The paper support is toned overall with some additional darkening corresponding to the area exposed to light. There is a liquid stain at the top left corner, which is likely attributable to the milieu of the artist’s studio. The sheet is structurally sound with some small edge tears and dents. An old tear that crosses the width of the sheet has been well-mended during an earlier restoration procedure through the application of an overall paper lining on the verso surface.The sheet has natural undulations and minor distortions throughout. The UV examination did not reveal anything further of note and provided additional support for the observations above.Presented with a window mat that covers the sheet edges.",Post-War,Abstract Expressionism,images/auction_images/396.jpg
397,995.0,Mariann Loveland-Miller,Day Box ,1983.0,[nan],This work is in overall good condition.There is a small abrasion center left.,Post-War,Surrealism,images/auction_images/397.jpg
398,995.0,Mary Frank,Untitled (3 Figures),1993.0,"Inscribed, signed and dated “For Micki Mary Frank 1993” lower right",This work is in good condition.Not examined out of frame.,Post-War,Abstract,images/auction_images/398.jpg
400,595.0,Paul Manes,Untitled ,1986.0,"Signed and dated “Paul Manes ‘86” lower right; Inscribed “For Mickey, Happy 50th” lower left",This work is in good condition.Not examined out of frame.,Post-War,Abstract,images/auction_images/400.jpg
402,995.0,Fred Mitchell,"Killyan Kill, Afternoon ",1985.0,"Signed and dated lower right “Fred Mitchell 85""; Titled lower left “Killyan [?] Kill, Afternoon”",This work is in good condition.Not examined out of frame.,Post-War,Expressionism,images/auction_images/402.jpg
403,2500.0,Mary Frank,Untitled,1976.0,Signed Mary Frank 1976 in pencil verso ,This work is in good condition.Not examined out of frame.Back of piece not examined.,Post-War,Art Brut,images/auction_images/403.jpg
404,8000.0,Walker Evans,Passengers on the Subway,1939.0,The photographer's credit stamp (Keller B) and '33' in pencil on the reverse.,"This print, on double-weight paper with a slight surface sheen, is in generally excellent condition. There are a few soft handling creases overall and a sharp crease in the lower left corner that does not appear to break the emulsion. The lower margin corners are bumped and the upper paper-ply is peeling. On the reverse, each corner in slightly discolored.",Modern,Realism,images/auction_images/404.jpg
406,8000.0,Andrew Moore,"Salon Verde, Havana, Cuba, 1998",1998.0,"Signed, titled and dated verso",Some smudges on back side of plexiglass near the top.Not examined outside of frame.,Post-War,Realism,images/auction_images/406.jpg
407,27000.0,Alex Katz,Chance 3 (Darinka),2016.0,"Signed and numbered lower left front, stamped © Alex Katz, Lococo Fine Art Publisher 2016, verso lower right",Excellent condition.Not examined out of frame.,Contemporary,Pop Art,images/auction_images/407.jpg
408,9000.0,Kim Gottlieb Walker,Bob Marley Smoking,1975.0,Signed and titled bottom right corner ,Excellent condition.,Post-War,Realism,images/auction_images/408.jpg
409,3000.0,Kim Gottlieb Walker,Bob Marley,1975.0,Signed and titled bottom right corner ,Excellent condition.,Post-War,Realism,images/auction_images/409.jpg
410,3000.0,Kim Gottlieb Walker,"Carol King and James Taylor, London ",1971.0,Signed and titled bottom right corner ,Excellent condition.,Post-War,Realism,images/auction_images/410.jpg
411,3000.0,Kim Gottlieb Walker,Rod Stewart,1970.0,Signed and titled bottom right corner ,Excellent condition.,Post-War,Realism,images/auction_images/411.jpg
412,3000.0,Kim Gottlieb Walker,Andy Warhol Smiling (Unusual),1970.0,Signed and titled bottom right corner ,Excellent condition.,Post-War,Realism,images/auction_images/412.jpg
413,2500.0,Kim Gottlieb Walker,"Bob Marley Bare Chest at Window, Jamaica ",1975.0,Signed and titled bottom right corner ,Excellent condition.,Post-War,Realism,images/auction_images/413.jpg
414,2500.0,Kim Gottlieb Walker,Jimi Plays Backstage at The Shrine,1967.0,Signed and titled bottom right corner ,Excellent condition.,Post-War,Realism,images/auction_images/414.jpg
415,75000.0,Biff Elrod,Ceiling Painting,2018.0,Signed verso ,This work is in excellent condition.,Contemporary,Pop Art,images/auction_images/415.jpg
416,3800.0,Arie Smit,Bathing Place,1974.0,"Signed, titled, and dated in the lower left corner.",This work is in very good condition.Minor scuffs to frame with tear to paper backing.Art not examined outside of frame.,Post-War,Expressionism,images/auction_images/416.jpg
417,1200.0,ROBERT KELLY,Asana II,1989.0,Signed and dated in pencil lower right.,This work is in good condition.Creasing to margins at lower right.Spots at blind stamp at lower left corner.Small spots in margin at left center.,Post-War,Abstract,images/auction_images/417.jpg
418,71500.0,Larry Bell,New Test #1,2003.0,"Signed, titled and dated bottom right corner recto",Not examined out of frame.Moderate sheet undulation due to artist's chosen working materials. ,Contemporary,Minimalism,images/auction_images/418.jpg
421,15000.0,Francesco Correggia,I Am Alone,2013.0,Signed verso ,This work is in excellent condition.,Contemporary,Abstract,images/auction_images/421.jpg
422,7500.0,Julius Lumsdem,Monolith III,2005.0,Signed verso in graphite,Overall excellent condition. ,Contemporary,Abstract,images/auction_images/422.jpg
424,6000.0,Paul Jenkins,Hellenic Ode,1959.0,"Signed Paul Jenkins towards lower right; signed Paul Jenkins, titled ""Hellenic Ode"", situated Paris and dated 1959 on the reverse",Not examined out of frame. Minor loss to gilding on frame. Surface wear to plexiglass. ,Post-War,Abstract Expressionism,images/auction_images/424.jpg
426,3000.0,Albert Clark &amp; Son,Horse In A Stable,1894.0,Signed and dated Albert Clark & Son in paint lower left,This work is in good condition with wear commensurate with age and use.Artwork has not been examined outside of frame.Paint loss including scratches.,19th Century,Traditional,images/auction_images/426.jpg
429,7000.0,Ruth Bernhard,Creation ,1936.0,"Signed, titled, dated, and annotated 'TOP' in pencil, the photographer's ‘2982 Clay Street, San Francisco, California, 94115’ studio label, annotated 'Dolls head' in ink, on the reverse.","This print, on paper with a surface sheen and flush-mounted to board, is in generally good condition. Under close examination, the following are visible: faint impressions and scratches; deposits of original retouching; ink deposits along the upper edge; and a glossy area parallel to the lower edge. Visible under raking light are several translucent liquid drips, each approximately 7 inches long, extending from the upper edge.The edges and corners are bumped and there are tiny losses to the emulsion. The upper right corner is creased but does not appear to break the emulsion. The edges of the board are inked.  The reverse is soiled. There are yellowed adhesive remnants and abrasions suggesting that the print was previously affixed to a secondary mount. 'RB124' is written in pencil in an unidentified hand on the reverse.When examined under ultraviolet light, this print does not appear to fluoresce.",Modern,Realism,images/auction_images/429.jpg
432,3000.0,Ruth Bernhard,Joan,1962.0,Signed in pencil on the reverse.,"This solarized print, on Agfa paper, is in generally excellent condition. There is a 3-inch diagonal crease in the upper right corner that does not appear to break the emulsion. 'RB147' is written in pencil in an unidentified hand on the reverse.",Post-War,Realism,images/auction_images/432.jpg
435,2000.0,Ruth Bernhard,Shell and Driftwood,1943.0,Signed and titled in pencil on the reverse.,"This print is in generally excellent condition. Under close examination, there are some deposits of original retouching, a few tiny impressions, and 2"" faint, circular disruptions near the center.The reverse is faintly soiled. There are abrasions and hinge remnants, suggesting this print was previously affixed to a secondary mount.'Property of Ginny Williams' is written in pencil by Ginny Williams on the reverse. '1200-' and 'C.170,10' are written in pencil in an unidentified hand. 'Printed in / Book Ruth Bernhard / The Ginny Williams Collection' is written in pencil by Ginny Williams on a Post-It note affixed to the reverse.",Modern,Realism,images/auction_images/435.jpg
437,3000.0,Ruth Bernhard,Two Cows,1937.0,"Signed in pencil on the mount, signed, titled, and dated in pencil on the reverse.","This print, on paper with a slight surface sheen, is in generally excellent condition. Under close examination, a few deposits of original retouching are visible.'RB062' and 'SP' are written in pencil in an unidentified hand on the reverse. The reverse is very faintly soiled.",Modern,Realism,images/auction_images/437.jpg
438,3000.0,Ruth Bernhard,Teapot,1976.0,"Signed in pencil on the mount, signed, titled, and dated in pencil on the reverse.","This print, with a semi-glossy surface, is in generally excellent condition. The reverse of the mount is abraded in a small area in the upper right corner.",Post-War,Surrealism,images/auction_images/438.jpg
440,8750.0,Larry Rivers,Make Believe Ballroom ,1989.0,"Signed in blue paint, dated and numbered 99/105","This work is in good condition.The work is in generally good condition apart from surface soiling and scattered spots of pale, mottled discoloration.The adhesive discolored in a few spots along the seams.",Post-War,Pop Art,images/auction_images/440.jpg
441,2500.0,Hiro Yokose,Untitled #3890,2002.0,"Signature, date and title on verso",This work is in very good condition.No obvious signs of damage.,Contemporary,Romanticism,images/auction_images/441.jpg
442,2000.0,Hiro Yokose,Untitled #3972,2003.0,"Signature, date and title on verso",This work is in good condition.Small chip to frame on upper left.Inconsistencies on wax surface on top center.,Contemporary,Romanticism,images/auction_images/442.jpg
449,800.0,Stephen Neil Lorber,Still Life With Lumber,1975.0,Signed in pencil lower right corner.,This work is in good condition.Not examined outside of frame.Slight rippling and toning to paper.,Post-War,Realism,images/auction_images/449.jpg
452,800.0,Brett Groves,Correspondence 05 (Strike Gently),2012.0,"Signed in ink lower left, numbered lower right.",This work is in very good condition.Not examined outside of frame.No obvious defects to artwork.,Contemporary,Realism,images/auction_images/452.jpg
454,800.0,Curtis Ripley,The Pink Vase,1981.0,"Signed, dated and stamped lower right.",This work is in very good condition.Not examined outside of frame. Light scratches to plexiglass,Post-War,Realism,images/auction_images/454.jpg
455,800.0,Stephen Neil Lorber,Chinese Baskets,1977.0,Signed in pencil lower right corner.,This work is in good condition.Not examined outside of frame.Rippling and toning to paper.,Post-War,Realism,images/auction_images/455.jpg
460,800.0,Olivia Munroe,A Collection ,1980.0,"Numbered, titled and signed pencil recto.",This work is in good condition.Not examined out of frame.,Post-War,Realism,images/auction_images/460.jpg
461,800.0,Adrianne Wortzel,Blue Gray ,1990.0,"Numbered, signed and dated in pencil recto.",This work is in good condition.Not examined out of frame.Sheet undulation.Scratches to plexiglass.,Post-War,Realism,images/auction_images/461.jpg
462,800.0,Martin McGinn,Plastic Buckets ,2001.0,Signed and dated in pencil recto,This work is in good condition.Not examined out of frame.Minor indentations to sheet.Soiling to edges of frame.,Contemporary,Expressionism,images/auction_images/462.jpg
463,1500.0,Laura Newman,Biomorphic Furniture ,1989.0,[nan],Not examined out of frame. Sheet undulation. Numerical inscriptions in pencil at back of frame.,Post-War,Abstract,images/auction_images/463.jpg
465,800.0,Mary Jo Vath,Untitled ,2003.0,Signed and dated in pencil recto.,This work is in good condition.Not examined out of frame.Minor sheet undulation.,Contemporary,Realism,images/auction_images/465.jpg
466,800.0,Stuart Nielsen,Shell/Butterfly,1978.0,Signed and dated in pencil upper left.,This work is in very good condition.Not examined outside of frame.No obvious defects to artwork.,Post-War,Expressionism,images/auction_images/466.jpg
468,800.0,Neil Winokur,Tools,1990.0,[nan],This work is in good condition.Minor wear to finish.Back is lined with paper that is unaffixed in some areas.,Post-War,Realism,images/auction_images/468.jpg
469,1500.0,Willie White,Untitled,1986.0,[nan],Not examined outside of frame. No obvious defects to artwork.,Post-War,Expressionism,images/auction_images/469.jpg
470,800.0,Elspeth Lamb,Anaktos,1989.0,[nan],This work is in very good condition.Not examined outside of frame.No obvious defects to artwork.,Post-War,Abstract,images/auction_images/470.jpg
472,680.0,David Fokos,Moonrise,2001.0,Signed and dated lower right recto,This work is in very good condition with no obvious signs of wear to the photo.Not examined out of frame.Chips to frame.,Contemporary,Realism,images/auction_images/472.jpg
473,680.0,Suzanne Song,"Untitled, Replica V3",2008.0,Signed and dated verso,This work is in very good condition with no obvious signs of wear.,Contemporary,Minimalism,images/auction_images/473.jpg
474,680.0,David Fokos,Canal,2001.0,Signed and dated lower right recto,This work is in very good condition with no obvious signs of wear to photo.Not examined out of frame.Chips to frame.,Contemporary,Realism,images/auction_images/474.jpg
477,800.0,Alan Turner,White Landscape,1978.0,Signed lower right in pencil,This work is in good condition.Artwork not examined outside of frame.Small pinholes in all four corners.Light smudges to mat.,Post-War,Expressionism,images/auction_images/477.jpg
478,1500.0,Paul Narkiewicz,Nursery,1980.0,[nan],Artwork not examined outside of frame.No obvious signs of wear to artwork.,Post-War,Expressionism,images/auction_images/478.jpg
479,1500.0,Diane Sophrin,View Of Living Room,1983.0,[nan],Artwork not examined outside of frame.No obvious signs of wear to artwork.,Post-War,Realism,images/auction_images/479.jpg
481,800.0,Ron Trujillo,Atlantis Explosion No 4,1987.0,Signed R Trujillo on bottom right recto,This work is in very good condition.Artwork not examined outside of frame.No obvious signs of wear to artwork.Some scuffs and marks at corners of wood frame.,Post-War,Expressionism,images/auction_images/481.jpg
482,800.0,Joan Nelson,Untitled,1990.0,Signed Joan Nelson 90 in pencil in lower right recto,This work is in good condition.Artwork not examined outside of frame.No obvious signs of wear to artwork.Minor scuffs to plexiglass at bottom.Minimal signs of wear to frame.,Post-War,Expressionism,images/auction_images/482.jpg
483,800.0,Claire Van Vliet,Summer 2,1985.0,Signed lower right in pencil,This work is in very good condition.Artwork not examined outside of frame.No obvious signs of wear to artwork.,Post-War,Expressionism,images/auction_images/483.jpg
484,1500.0,Sandy Walker,Beach Pastel,1979.0,Signed SW 79 in pencil on bottom center recto,Artwork not examined outside of frame.No obvious signs of wear to artwork.Two dents on white mat at bottom left.,Post-War,Expressionism,images/auction_images/484.jpg
485,1500.0,Alan Turner,Autumn Covering Summer,1979.0,"Signed and dated in pencil, lower right",Artwork not examined outside of frame.Small pinholes in all four corners.Yellowing to paper.,Post-War,Expressionism,images/auction_images/485.jpg
486,800.0,John Shaw,Brooklyn Bridge,1983.0,Signed John Shaw in pencil on lower right recto,This work is in good condition.Artwork not examined outside of frame.Not obvious signs of wear to artwork.Some surface scratches to plexiglass.Minimal surface wear to frame.,Post-War,Expressionism,images/auction_images/486.jpg
487,800.0,Steven Barbash,Birds,1977.0,Signed and dated lower right in pencil,This work is in very good condition.Artwork not examined outside of frame.No obvious signs of wear to artwork.,Post-War,Realism,images/auction_images/487.jpg
488,800.0,JOHN BELLANY,Untitled,1987.0,Signed John Bellany in pencil on bottom right recto,This work is in good condition.Artwork not examined outside of frame.Minor rippling to paper.Minor surface wear to frame.,Post-War,Surrealism,images/auction_images/488.jpg
490,1500.0,Mel Pekarsky,Blue Hills,1977.0,"Signed and dated lower right, MP '77",This work is in good condition.Artwork not examined outside of frame.Two small holes at top right and left corners.,Post-War,Expressionism,images/auction_images/490.jpg
491,800.0,Mary Jo Vath,Lure,1989.0,Inscribed 14/30 M.Vath 1989 in pencil recto,This work is in very good condition.Not examined out of frame.No obvious imperfections to artwork observed.,Post-War,Expressionism,images/auction_images/491.jpg
495,800.0,Jack Knox,Whale,1986.0,Signed lower right in pencil,This work is in good condition.Artwork not examined outside of frame.No obvious signs of wear to artwork.,Post-War,Expressionism,images/auction_images/495.jpg
496,800.0,Jack Beal,Spotted Salamander,1973.0,Signed Jack Beal in pencil on lower right recto,"This work is in good condition.Artwork not examined outside of frame.No obvious signs of wear to artwork.Scuffs and marks to wood frame, more significant wear at top right corner.Surface wear to plexiglass and frame.",Post-War,Expressionism,images/auction_images/496.jpg
498,1500.0,Joseph Sweeney,University Of PA Boathouse,1993.0,[nan],This work is in very good condition.Artwork not examined outside of frame.No obvious signs of wear to artwork.Smudges to mat.,Post-War,Realism,images/auction_images/498.jpg
499,800.0,Steven Campbell,Lobster,1986.0,Signed Steven M Campbell in pencil on bottom right recto,This work is in very good condition.Artwork not examined outside of frame.No obvious signs of wear to artwork.Minor surface wear to frame.Scratch to plexiglass across bottom.Minor separation of mitered corner of frame at lower right.,Post-War,Expressionism,images/auction_images/499.jpg
502,800.0,Deborah Brown,Todd,2001.0,Signed in pencil bottom right,This work is in good condition.Artwork not examined outside of frame.No obvious signs of wear to artwork.,Contemporary,Realism,images/auction_images/502.jpg
503,800.0,DON NICE,Bullfrog,1972.0,Signed Nice in pencil on lower right recto,This work is in good condition.Artwork not examined outside of frame.Minor discoloration to paper edges.Pin holes at corners of paper from previous hanging.Minor rippling of paper.Minor surface wear to frame.,Post-War,Realism,images/auction_images/503.jpg
504,800.0,David True,Fragile Wings,1989.0,Signed David True 89 in pencil on lower right rector,This work is in very good condition.Artwork not examined outside of frame.Minor rippling of paper.Minimal surface wear to frame.,Post-War,Expressionism,images/auction_images/504.jpg
505,4500.0,Ernst Haas,"NYC, USA",1953.0,Signed on verso by the artist's son,"This work is in excellent condition. The colors remain bright and saturated with no apparent fading.The Haas Studio label is signed by Alexander Haas, the photographer's son and is titled, dated, editioned '1/15', and annotated in ink.",Post-War,Realism,images/auction_images/505.jpg
506,800.0,Susana Solano,Plaza Del Joc III,1988.0,Inscribed in pencil on lower right recto,This work is in good condition.Artwork not examined outside of frame.Minor rippling of paper.Minor surface wear to frame.,Post-War,Expressionism,images/auction_images/506.jpg
507,800.0,Deborah Brown,Sadie I,2001.0,Signed in pencil bottom right,This work is in good condition.Artwork not examined outside of frame.No obvious signs of wear to artwork.,Contemporary,Realism,images/auction_images/507.jpg
508,1500.0,Sandy Walker,Ocean Series I,1978.0,Signed SW 78 in pencil on lower center recto,This work is in very good condition.Artwork not examined outside of frame.Minor rippling of paper.Minimal surface wear to frame.,Post-War,Expressionism,images/auction_images/508.jpg
509,7000.0,Horst P. Horst,Nails In Technicolor,1941.0,[nan],"This piece is in overall very good condition. There are a few soft small creases that do not appear to break the emulsion, which are visible only in raking light.",Modern,Realism,images/auction_images/509.jpg
510,1500.0,Donald Sanders,Night Venture,1987.0,[nan],Artwork not examined outside of frame.No obvious signs of wear to artwork.Some marks and scuffs on lower right corner of frame.Minor surface wear to frame.,Post-War,Expressionism,images/auction_images/510.jpg
513,800.0,Marcia Scanlon,Parthenon,1986.0,Signed in pencil at bottom,This work is in good condition.Artwork not examined outside of frame.No obvious signs of wear to artwork.Paint drip on inside of glass frame.,Post-War,Realism,images/auction_images/513.jpg
514,800.0,Norman Stevens,Stonehenge,1976.0,Inscribed 21/25 Stonehenge Norman Stevens in pencil recto,This work is in very good condition.Not examined out of frame.Minor creasing to sheet.,Post-War,Realism,images/auction_images/514.jpg
515,800.0,Susana Solano,Plaça Del Joc De La Pilota II,1987.0,Inscribed in pencil on lower right recto,This work is in very good condition.Artwork not examined outside of frame.Minor rippling of paper.Minor surface wear to frame.,Post-War,Expressionism,images/auction_images/515.jpg
517,800.0,Marcia Scanlon,Delphi Tholos II,1985.0,Signed in pencil lower right,This work is in very good condition.Artwork not examined outside of frame.No obvious signs of wear to artwork.,Post-War,Realism,images/auction_images/517.jpg
518,800.0,Jack Knox,Dove,1986.0,Signed lower right in pencil,This work is in good condition.Artwork not examined outside of frame.No obvious signs of wear to artwork.,Post-War,Expressionism,images/auction_images/518.jpg
519,800.0,Anthony Gross,Homage To Constable (Salisbury),1976.0,"Numbered, titled and singed in pencil recto",This work is in good condition.Not examined out of frame.Scattered scratches to plexiglass.Faint burn marks at edges of paper.Sheet undulation.,Post-War,Impressionism,images/auction_images/519.jpg
520,1500.0,Billy Sullivan,Palisades #4,1986.0,Inscribed Palisades #4 Bill Sullivan in pencil recto,This work is in very good condition.Not examined out of frame.No obvious imperfections to artwork observed.,Post-War,Realism,images/auction_images/520.jpg
521,800.0,T.L. Solien,Fragments Of Hope,1982.0,Artist signature and date incorporated in work,This work is in good condition.Not examined out of frame.Discoloration to edges of paper.Yellowing to background paper.,Post-War,Conceptual ,images/auction_images/521.jpg
523,1500.0,Richard Haas,New York Central Building,1974.0,Signed Richard Haas in pencil on lower right recto,This work is in good condition.Artwork not examined outside of frame.Minor rippling and discoloration to paper edges.Minor wear to frame finish.,Post-War,Traditional,images/auction_images/523.jpg
524,800.0,Forrest Moses,Untitled,1979.0,Moses in pencil at lower right recto,This work is in good condition overall.Artwork not examined outside of frame.Minor rippling and discoloration to paper.,Post-War,Expressionism,images/auction_images/524.jpg
525,800.0,June Redfern,Seal,1986.0,Signed lower right recto,Not examined out of frame.No obvious signs of wear to art.,Post-War,Abstract,images/auction_images/525.jpg
526,1500.0,David Dewey,"Morning Shadows, Marshall Point",1984.0,[nan],This work is in very good condition.Not examined outside of frame.No obvious damage to artwork.,Contemporary,Impressionism,images/auction_images/526.jpg
528,1500.0,Mary Armstrong,Tide Pool Shuffle,1984.0,Signed lower right,This work is in very good condition.Not examined outside of frame.No obvious signs of damage to artwork.,Post-War,Expressionism,images/auction_images/528.jpg
529,1500.0,Billy Sullivan,Daisy On Carpet,1981.0,Inscribed Billy Sullivan in pastel lower right corner recto,This work is in very good condition.Not examined out of frame.Sheet undulation due to artist's chosen working materials.,Post-War,Realism,images/auction_images/529.jpg
530,1500.0,James Romberger,Third Street Garden,1990.0,Signed JAMES lower right recto,Not examined out of frame.Adhesive residue marks throughout plexiglass.Minor soiling and marks to paper.Minor sheet undulation.Blemish to frame at bottom right side.,Post-War,Realism,images/auction_images/530.jpg
531,1500.0,Alberto Morrocco,"Berthed Boats, Camogli",1988.0,Artist signature and date lower left recto,This work is in very good condition.No visible signs of wear to artwork.Not examined out of frame.,Post-War,Realism,images/auction_images/531.jpg
532,1500.0,Mary Jo Vath,Wave,1985.0,Artist name inscribed verso,This work is in very good condition.Not examined out of frame.No obvious signs of wear to art.Nicks and chips to frame.,Post-War,Expressionism,images/auction_images/532.jpg
533,800.0,Lucy Sallick,Indian Island II,1989.0,Inscribed 2/15 Indian Island II Lucy Sallick 1989 in pencil recto,This work is in good condition.Not examined out of frame.Small scattered scratches to plexiglass.,Post-War,Expressionism,images/auction_images/533.jpg
534,800.0,Gregory Crane,New Moon and Poplars,1990.0,Signed Gregory Crane 1990 in pencil at lower right recto,This work is in very good condition.Artwork not examined outside of frame.Minor rippling of paper consistent with process.No other obvious signs of artwork.,Post-War,Expressionism,images/auction_images/534.jpg
535,1500.0,John Andre Gundelfinger,Untitled No. 4,1977.0,Signed in paint lower right corner recto,This work is in very good condition.Not examined out of frame.Minor sheet undulation due to artist's chosen working materials.,Post-War,Impressionism,images/auction_images/535.jpg
536,800.0,Steven Sorman,I Am Too,2000.0,[nan],This work is in good condition.Not examined outside of frame.No obvious damage to artwork.,Post-War,Abstract,images/auction_images/536.jpg
537,800.0,June Redfern,Wolf,1986.0,Signed lower right recto,This work is in very good condition.Not examined out of frame.No obvious signs of wear to art.,Post-War,Abstract,images/auction_images/537.jpg
538,800.0,Richard Chiriani,"A Schoharie Marsh, Spring",1984.0,Signed and dated recto,"This work is in very good condition.Small sticky mark to plexiglass on lower left corner, suggest cleaning.No visible signs of wear to artwork.Not examined out of frame.",Post-War,Realism,images/auction_images/538.jpg
539,800.0,Richard Mock,Alaskan Wildlife,2001.0,"Inscribed 5/100 ""Alaskan Wildlife"" Richard Mock 2001 in pencil recto",This work is in very good condition.Not examined out of frame.No obvious imperfections to artwork observed.,Contemporary,Conceptual ,images/auction_images/539.jpg
540,800.0,Antonio Frasconi,"Ice Crusher, Cart",1952.0,Signed in pencil lower right,This work is in very good condition.Not examined outside of frame.No obvious damage to artwork.,Post-War,Conceptual ,images/auction_images/540.jpg
541,800.0,Richard Crozier,"Palms III Ojai, CA",1979.0,Signed Richard Crozier 1979 in pencil at lower right recto,This work is in very good condition.Artwork not examined outside of frame.No obvious signs of wear to artwork.,Post-War,Expressionism,images/auction_images/541.jpg
542,1500.0,Marilyn Duke,September,1984.0,[nan],Not examined out of frame.One small surface mark and one minor indentation to frame.Faint surface marks at top right corner.No visible signs of wear to artwork.,Post-War,Expressionism,images/auction_images/542.jpg
543,1500.0,Ella Delyanis,"Study, Storm Over Bell Pond",1983.0,Bottom right recto,This work is in very good condition.Artwork not examined outside of frame.No obvious sign of wear to artwork.,[nan],[nan],images/auction_images/543.jpg
545,800.0,Gregory Crane,A Brilliant Entrance,2003.0,Signed and dated lower right recto,This work is in very good condition.No visible signs of wear to artwork.Not examined out of frame.,Contemporary,Expressionism,images/auction_images/545.jpg
546,800.0,Joseph Soloman,Garden Scene,1979.0,Inscribed Joseph Soloman 79 bottom right corner recto,This work is in very good condition.Not examined out of frame.No obvious imperfections to artwork observed.One small mark to frame on left side.,Post-War,Expressionism,images/auction_images/546.jpg
547,800.0,June Redfern,Lion,1986.0,Signed lower right recto,This work is in very good condition.Not examined out of frame.Small nick to frame at top center.Small chip to paper.,Post-War,Abstract,images/auction_images/547.jpg
548,800.0,Paul Davis,Max,1977.0,Inscribed He Paul Davis 77 in pencil recto,This work is in good condition.Not examined out of frame.Horizontal adhesive residue mark across the top of the image.Scattered surface scratches to plexiglass.,Post-War,Expressionism,images/auction_images/548.jpg
549,800.0,Judith S. Miller,Eric Shows Me The Hidden Parks,2006.0,Signed and dated lower right recto,This work is in very good condition.No visible signs of wear to artwork.Not examined out of frame.,Contemporary,Realism,images/auction_images/549.jpg
550,800.0,MICHAEL MAZUR ,The Net,1977.0,Signed Mazur in pencil on lower right recto,This work is in very good condition.Artwork not examined outside of frame.No obvious signs of wear to artwork.Minor wear to frame surface.,Post-War,Impressionism,images/auction_images/550.jpg
551,800.0,Len Jenshel,Painted Rock State Park: Arizona,1988.0,[nan],This work is in very good condition.Artwork not examined outside of frame.No obvious signs of wear to artwork.,Post-War,Expressionism,images/auction_images/551.jpg
552,800.0,Billy Sullivan,Islands #8,1986.0,Signed and numbered in pencil recto,This work is in very good condition.Not examined out of frame.Small black mark at right corner of matte.,Post-War,Realism,images/auction_images/552.jpg
554,800.0,Lizbeth Mitty,Nightride Overpass,2001.0,Signed and dated lower right recto,This work is in very good condition.No visible signs of wear to artwork.Not examined out of frame.,Contemporary,Impressionism,images/auction_images/554.jpg
556,800.0,John Gundelfinger,Untitled No 2,1979.0,Signed John Gundelfinger in pencil on white backing at lower left,This work is in very good condition.Artwork not examined outside of frame.No obvious signs of wear to artwork.,Post-War,Realism,images/auction_images/556.jpg
557,800.0,Darina Karpov,Crawlers,2012.0,Signed and dated lower right recto,This work is in very good condition.No obvious signs of wear to art.Not examined out of frame.,Contemporary,Conceptual ,images/auction_images/557.jpg
558,1500.0,Sally Amster,The Cove and Beyond,1981.0,Artist signature and date lower right recto,"No visible signs of wear to artwork.Not examined out of frame.Frame is loose, has been taped for adherence.Chips to finish on wood frame.",Post-War,Expressionism,images/auction_images/558.jpg
559,800.0,Donna Dennis,Entrance,1986.0,"Signed and dated in pencil, lower right.",This work is in very good condition.Not examined outside of frame.No obvious signs of damage to artwork.,Post-War,Expressionism,images/auction_images/559.jpg
560,1500.0,Susan Laufer,Lifeline Drawing Series #28,1988.0,Artist signature bottom right recto,This work is in very good condition.No visible signs of wear to artwork.Not examined out of frame.,Post-War,Abstract,images/auction_images/560.jpg
561,1500.0,Joseph A. Salvatore,Book Of Jeremiah,1981.0,[nan],This work is in good condition.Not examined out of frame.Mark at bottom right corner of frame.,Post-War,Conceptual ,images/auction_images/561.jpg
562,800.0,MICHAEL MAZUR ,Wakeby Island,1985.0,Signed lower right recto,This work is in good condition.Rippling to paper.Not examined out of frame.,Post-War,Expressionism,images/auction_images/562.jpg
563,800.0,"Peter Howson, O.B.E.",Stag,1986.0,Signed lower right recto.,This work is in very good condition.Not examined out of frame.No obvious signs of wear to art.,Post-War,Realism,images/auction_images/563.jpg
564,800.0,Richard Haas,Grand Central Station,1972.0,Signed in pencil lower right,This work is in very good condition.Not examined outside of frame.No obvious signs of damage to artwork.,Post-War,Traditional,images/auction_images/564.jpg
565,1500.0,Richard Garrison,Untitled (Yellow),2009.0,[nan],This work is in very good condition.Not examined out of frame.No visible signs of wear to artwork.,Contemporary,Conceptual ,images/auction_images/565.jpg
567,1500.0,Eugene Charlton-Rafalsky,Untitled Landscape,1974.0,"Signed and dated in pencil, lower right",This work is in very good condition.Not examined outside of frame.No obvious damage to artwork.,Post-War,Expressionism,images/auction_images/567.jpg
569,800.0,Yvonne Jacquette,Fog River IV,1976.0,Signed lower right recto,This work is in very good condition.No obvious signs of wear to art.Not examined out of frame.,Post-War,Expressionism,images/auction_images/569.jpg
570,800.0,Richard Ballard,Cypress,1990.0,Signed and dated lower right recto,This work is in very good condition.No visible signs of wear to artwork.Not examined out of frame.,Post-War,[nan],images/auction_images/570.jpg
571,800.0,Gregory Amenoff,Beacon Pink,1986.0,"Signed, dated, and titled lower right recto",This work is in very good condition.No obvious signs of damage to art.Not examined out of frame.,Post-War,Abstract,images/auction_images/571.jpg
572,1500.0,Ray Ciarrocchi,"Cove at Bremen, Maine",1978.0,[nan],This work is in very good condition.Artwork not examined outside of frame.No obvious signs of wear to artwork.,Post-War,Impressionism,images/auction_images/572.jpg
573,800.0,Anne Ross,Passageway,2008.0,[nan],This work is in good condition.Not examined out of frame.Numerical pencil inscription at back.A few small marks to finish on frame.,Contemporary,Surrealism,images/auction_images/573.jpg
574,1500.0,Terence LaNoue,Deccan Suite #15,1979.0,Signed in pastel recto,This work is in very good condition.Not examined out of frame.Minor sheet undulation due to artist's chosen working materials.,Post-War,Abstract,images/auction_images/574.jpg
575,800.0,Frances Ashforth,"Horizon Series, Wind Series 1",2011.0,Signed Frances B Ashforth '11 in ink on lower right recto,This work is in very good condition.Artwork not examined outside of frame.No obvious signs of wear to artwork.,Contemporary,Expressionism,images/auction_images/575.jpg
577,800.0,Bruce Mclean,Spider,1986.0,Signed and dated lower right recto,This work is in very good condition.Not examined out of frame.No obvious signs of wear to art.,Post-War,Expressionism,images/auction_images/577.jpg
578,1500.0,Susan Wilmarth,Untitled,1977.0,[nan],This work is in very good condition.Not examined out of frame.No obvious imperfections to artwork observed.,Post-War,Abstract,images/auction_images/578.jpg
579,1500.0,John Berens,Trees and Darkness,1990.0,[nan],This work is in very good condition.No visible signs of wear to artwork.Not examined out of frame.,Post-War,Expressionism,images/auction_images/579.jpg
580,800.0,Bill Jensen,Original Face,2011.0,[nan],This work is in very good condition.Artwork not examined outside of frame.Very minor rippling of paper.,Contemporary,Abstract,images/auction_images/580.jpg
581,1500.0,Barbara Apel,Landscape No 8,1984.0,Apel inscribed at lower right recto,This work is in very good condition.Artwork not examined outside of frame.Minor scuffs and wear to frame finish.,Post-War,Expressionism,images/auction_images/581.jpg
583,1500.0,George Atkinson,North Of Pawnee,1989.0,[nan],This work is in very good condition.Not examined outside of frame.No obvious signs of damage to artwork.,Post-War,Impressionism,images/auction_images/583.jpg
584,1500.0,John Berens,Romantic Landscape,1990.0,[nan],This work is in very good condition.No visible signs of wear to artwork.Not examined out of frame.,Post-War,Expressionism,images/auction_images/584.jpg
586,800.0,Karen Kunc,Current's Edge,1987.0,"Signed, numbered and dated in pencil lower right",This work is in very good condition.Not examined outside of frame.No obvious signs of damage to artwork.,Post-War,Abstract,images/auction_images/586.jpg
587,1500.0,Keith Jacobshagen,Evening XXIII,1990.0,Signed K JACOBSHAGEN in ink at lower right recto,This work is in very good condition.Artwork not examined outside of frame.Minor rippling of paper consistent with process.,Post-War,Expressionism,images/auction_images/587.jpg
588,1500.0,Angelo Ippolito,An American Collage X,1976.0,Signed Ippolito 76 in pencil at lower right recto,This work is in very good condition.Artwork not examined outside of frame.Not obvious wear to artwork.Minor wear to frame surface.,Post-War,Surrealism,images/auction_images/588.jpg
589,1500.0,Giora Dublon,Judean Hills,1989.0,Signed lower right,This work is in very good condition.Not examined outside of frame.No obvious signs of damage to artwork.,Post-War,Expressionism,images/auction_images/589.jpg
590,800.0,Alan Herman,"Untitled, Green Wall",1980.0,"Signed, dated and numbered in pencil lower right",This work is in very good condition.Not examined outside of frame.No obvious signs of damage to artwork.,Post-War,Minimalism,images/auction_images/590.jpg
591,800.0,Gregory Crane,Red Island With Rainbow,2000.0,"Titled, dated and signed in pencil recto",This work is in very good condition.Not examined out of frame.Minor adhesive residue to plexiglass.No visible signs of wear to artwork.,Contemporary,Expressionism,images/auction_images/591.jpg
592,800.0,Richard Haas,Bayard-Condict Building,1970.0,"Signed, titled, dated, and numbered in pencil recto",This work is in good condition.Not examined out of frame.Minor surface scratches to plexiglass.Frame shows minor wear at edges.No visible signs of wear to artwork.,Post-War,Traditional,images/auction_images/592.jpg
595,1500.0,Nancy Brett,Roaring River 73,1989.0,[nan],This work is in very good condition.Artwork not examined outside of frame.Small pin holes at corners from previous hanging.No other signs of wear to artwork.,Post-War,Expressionism,images/auction_images/595.jpg
596,800.0,Adrian Wiszniewski,Landscape,1991.0,Inscribed 18/30 with indecipherable signature in pencil recto,This work is in good condition.Not examined out of frame.A few minor marks to finish on frame.Pencil and marker inscription at back of frame.,Post-War,Surrealism,images/auction_images/596.jpg
597,800.0,John Benton Harris,Brooklyn Heights NYC,2006.0,"Title, date, edition and artist signature with copyright on a piece of paper affixed verso.",This work is in very good condition.No visible signs of wear to artwork.Not examined out of frame.,Contemporary,Realism,images/auction_images/597.jpg
598,800.0,Freya Hansell,Untitled,1989.0,Signed Freya Hansell 1989 in pencil at lower right recto,This work is in very good condition.Artwork not examined outside of frame.No obvious signs of wear of artwork.,Post-War,Expressionism,images/auction_images/598.jpg
599,800.0,Joel Janowitz,Pale Water,1987.0,"Titled, signed and dated in pencil recto",This work is in good condition.Not examined out of frame.Minor sheet undulation.Minor surface scratches to plexiglass.,Post-War,Expressionism,images/auction_images/599.jpg
600,1500.0,John Andre Gundelfinger,Untitled No. 16,1977.0,[nan],This work is in good condition.Not examined out of frame.Minor sheet undulation due to artist's chosen working materials.,Post-War,Impressionism,images/auction_images/600.jpg
601,1500.0,Bernard Chaet,Untitled Landscape #22,1978.0,Artist signature and date lower right recto,This work is in very good condition.Rippling to paper.Not examined out of frame.,Post-War,Expressionism,images/auction_images/601.jpg
602,800.0,Konrad Cramer,Gas Station With Tree,1931.0,"Numbered, signed, and dated in pencil recto",This work is in overall good condition.Not examined out of frame.Minor sheet undulation at top.Minor surface wear to plexiglass.,Modern,Realism,images/auction_images/602.jpg
603,800.0,Francis Ruyter,Beyond The Forest,2012.0,Signed by artist lower right recto,This work is in very good condition.Not examined out of frame.Slight ripple effect to paper through printing process.,Contemporary,Pop Art,images/auction_images/603.jpg
604,1500.0,Charles Hawes,Miss Kim,1970.0,Charles Hawes inscribed at lower right recto,This work is in very good condition.Artwork not examined outside of frame.No obvious signs of wear to artwork.Minor marks and scuffs to frame finish.,Post-War,Realism,images/auction_images/604.jpg
605,1500.0,Alex Stohlberg,Night Barn,1990.0,Signed T.H.K recto,This work is in very good condition.Not examined out of frame.No obvious imperfections to artwork observed.,Post-War,Minimalism,images/auction_images/605.jpg
606,800.0,Frances Ashforth,"Horizon Series, Wind Series 4",2011.0,Signed Frances B Ashworth 2001 in ink at lower right recto,This work is in very good condition.Artwork not examined outside of frame.No obvious signs of wear to artwork.,Contemporary,Expressionism,images/auction_images/606.jpg
607,800.0,Antonio Frasconi,High Derricks,1954.0,Artist signature lower right recto,This work is in very good condition.No visible signs of wear to artwork.Not examined out of frame.,Post-War,Expressionism,images/auction_images/607.jpg
608,1500.0,Stephen Lack,Red Citroen,1989.0,Signed and dated in pigment recto,This work is in good condition.Not examined out of frame.Minor sheet undulation.Small nicks to frame.,Post-War,Expressionism,images/auction_images/608.jpg
609,1500.0,Peter Schroth,Landscape Study (Pines),1989.0,Inscribed Peter Schroth 9/89 in pencil lower right corner recto,This work is in very good condition.Not examined out of frame.No obvious imperfections to artwork observed.,Post-War,Surrealism,images/auction_images/609.jpg
610,1500.0,Judy Ledgerwood,"Untitled, Evening Drawing",1989.0,[nan],This work is in very good condition.Not examined outside of frame.No obvious signs of damage to artwork.,Post-War,Abstract,images/auction_images/610.jpg
611,1500.0,Judy Ledgerwood,"Untitled, Terra Cotta Red",1989.0,[nan],This work is in very good condition.Not examined outside of frame.No obvious signs of damage to artwork.,Post-War,Abstract,images/auction_images/611.jpg
612,800.0,Alan Herman,"Untitled, Pink Wall",1980.0,"Signed, dated, and numbered in pencil lower right",This work is in very good condition.Not examined outside of frame.No obvious signs of damage to artwork.,Post-War,Minimalism,images/auction_images/612.jpg
613,800.0,Susan Hall,Solitary Oak,2012.0,Artist signature and date lower right recto,This work is in very good condition.No visible signs of wear to artwork.Not examined out of frame.,Contemporary,Realism,images/auction_images/613.jpg
614,1500.0,Michele Boll,Hess,1980.0,Signed and dated lower right recto,This work is in very good condition.No visible signs of wear to artwork.Not examined out of frame.,Post-War,Realism,images/auction_images/614.jpg
615,800.0,Malcolm Morley,Erotic Fruitos,1993.0,Signed and dated in pencil lower right,This work is in very good condition.Not examined outside of frame.No obvious signs of damage to artwork.,Post-War,Expressionism,images/auction_images/615.jpg
616,800.0,Agnes Story,Fragment Of Pelicano Club,1984.0,"Title, artist signature, and date bottom recto",This work is in very good condition.Not examined out of frame.No obvious signs of wear to art.,Post-War,Expressionism,images/auction_images/616.jpg
617,1275.0,Denise Green,Becoming Subject,1979.0,Signed Denise Green on bottom right in pencil,This work is in good condition.Not examined outside of frame.No obvious signs of wear to art.Some scrapes and wear to frame.,Contemporary,Abstract,images/auction_images/617.jpg
618,1275.0,George T. Grant,Tomorrow Being Today,1987.0,[nan],This work is in very good condition.Not examined out of frame.Slight rippling to paper.,Contemporary,Abstract,images/auction_images/618.jpg
619,1500.0,Dan Walsh,Viewing Suite II,2008.0,Signed and dated in pencil lower right recto.,This work is in very good condition.Not examined out of frame.No obvious signs of wear to art.,Contemporary,Minimalism,images/auction_images/619.jpg
620,680.0,Mark Fox,Beneath,2012.0,Mark Fox 12 on bottom right in pencil,This work is in good condition.Not examined outside of frame.Minor rippling to paper.No other obvious signs of wear to art.,Contemporary,Abstract,images/auction_images/620.jpg
621,800.0,Kate Whiteford,Sitelines,1989.0,"Signed and dated in pencil lower right, Kate Whiteford, '89",Not examined outside of frame.No obvious damage to artwork.,Post-War,Abstract,images/auction_images/621.jpg
623,1500.0,Jane Rosenberg,Upright Curves Number 2,1977.0,Signed and dated in pencil lower right recto.,This work is in very good condition.Discoloration to edges of paper.Not examined out of frame.,Post-War,Minimalism,images/auction_images/623.jpg
624,1500.0,RICHARD WOODS,"Remnant Number 1, Around The Fireplace",2012.0,[nan],This work is in very good condition.Not examined out of frame.No obvious signs of wear to art.,Contemporary,Pop Art,images/auction_images/624.jpg
625,1500.0,Karim Noureldin,"Untitled, 2000",2008.0,[nan],This work is in good condition.Not examined outside of frame.No obvious signs of wear to artwork.,Contemporary,Minimalism,images/auction_images/625.jpg
626,1500.0,Dan Walsh,Viewing Suite IV,2008.0,Signed and dated in pencil lower right recto.,This work is in very good condition.Not examined out of frame.No obvious signs of wear to art.Scratches and nicks to frame.,Contemporary,Abstract,images/auction_images/626.jpg
627,680.0,Paul Levy,Commonwealth of Massachusetts Building Code,1975.0,Signed in pencil c Paul M. Levy '75 lower right; marked Commonwealth of Massachusetts Building Code in center; edition marked 21/50 lower left,This work is in very good condition.Not examined out of frame.No obvious signs of wear to art.Small smudges to matt.,Modern,Pop Art,images/auction_images/627.jpg
628,1275.0,Clinton J. Hill,Untitled NBR 58,1975.0,Signed C Hill bottom right in pencil,This work is in good condition.Not examined out of frame.No obvious signs of wear to art.Light buckling to paper.,Contemporary,Abstract,images/auction_images/628.jpg
629,1500.0,Frederick Wardy,Untitled,1974.0,Frederick Wardy 74 in ink on bottom right recto.,This work is in good condition.Artwork not examined outside of frame.Minor discoloration at paper edges.No other obvious signs of wear to artwork.,Post-War,Minimalism,images/auction_images/629.jpg
630,680.0,Diane Cionni,Reason And Romance #9,2012.0,Signed in pencil DKC 2012 lower right,This work is in good condition.Not examined out of frame.No obvious signs of wear to art.,Contemporary,Abstract,images/auction_images/630.jpg
631,1275.0,Wayne Amedee,Source of Freedom,1991.0,Signed in pencil W. Amadee 1991 lower right,This work is in very good condition.Not examined out of frame.No obvious signs of wear to art.,Contemporary,Abstract,images/auction_images/631.jpg
632,1275.0,Christopher Olav Jenssen,No 245,1985.0,"Signed at bottom in pencil 27 Juli 1985, Olav Christopher","This work is in good condition.Not examined out of frame.Small mark at bottom of paper.Hardware for wire, but wire is missing.",Contemporary,Abstract,images/auction_images/632.jpg
633,1500.0,RICHARD WOODS,"Remnant Number 3, Under The Sink",2012.0,[nan],This work is in very good condition.Not examined out of frame.No obvious signs of wear to art.,Contemporary,Pop Art,images/auction_images/633.jpg
634,800.0,"John F. Simon, Jr.",Heat from the Core Raises Mountains and Opens Oceans,2011.0,"Signed in pencil, R, 2011 lower right corner",This work is in very good condition.Not examined outside of frame.No obvious signs of wear to artwork.,Contemporary,Conceptual ,images/auction_images/634.jpg
635,680.0,Ron Janowich,Untitled,1989.0,Ron Janowich 89 on bottom right in pencil,This work is in overall good condition.Work not examined outside of frame.Small holes at corners of paper from previous hanging.Minor rippling and creases in paper.No other signs of wear on art.,Contemporary,Abstract,images/auction_images/635.jpg
636,680.0,Mark Fox,Before,2012.0,Mark Fox on bottom right in pencil,This work is in good condition.Not examined outside of frame.Minor rippling to paper.No other obvious signs of wear to art.,Contemporary,Abstract,images/auction_images/636.jpg
637,680.0,Gregory Amenoff,Sweet Home,1988.0,[nan],This work is in good condition.Not examined outside of frame.Some rippling of paper.No other obvious signs of wear to art.,Contemporary,Abstract,images/auction_images/637.jpg
639,800.0,JOHN WALKER,Sorrow,1992.0,Signed and inscribed recto in pencil,"This work is in good condition.Artwork not inspected out of frame.Scuffs, marks and dents to frame.",Post-War,Abstract,images/auction_images/639.jpg
640,1275.0,Denise Green,Both And,1979.0,Signed Denise Green on bottom right in pencil,This work is in good condition.Not examined outside of frame.No obvious signs of wear to art.Some scrapes and marks on frame.,Contemporary,Abstract,images/auction_images/640.jpg
641,1275.0,Orly Genger,Untitled,2004.0,[nan],Not examined out of frame.No obvious signs of wear to art.,Contemporary,Abstract,images/auction_images/641.jpg
642,800.0,Joe Tilson,Signatures,1988.0,Tilson 1988 in pencil on bottom right recto.,This work is in very good condition.Artwork not examined outside of frame.Minor rippling of paper consistent with process.No other obvious signs of wear to artwork.,Post-War,Conceptual ,images/auction_images/642.jpg
643,680.0,Tony Jannetti,The Third Emergence,1971.0,Signed in pencil Tony Jannetti '71 lower right with 1/35 lower left,This work is in very good condition.Not examined out of frame.No obvious signs of wear to art.,Modern,Abstract,images/auction_images/643.jpg
644,1275.0,Michael Kenny,Working Drawing 1,1987.0,Michael Kenny 87 Working Drawing on top left in pencil,This work is in good condition.Not examined outside of frame.No obvious signs of wear to art.,Contemporary,Abstract,images/auction_images/644.jpg
645,800.0,Paul Henry Ramirez,Juicy Little Passion #6,2005.0,Signed and inscribed recto in pencil,This work is in very good condition.Artwork not inspected out of frame.Light wear to frame.,Contemporary,Abstract,images/auction_images/645.jpg
646,1500.0,David Storey,Living With The Lights On,1988.0,David Storey inscribed on reverse.,This work is in overall very good condition.No obvious signs of wear to artwork.,Post-War,Surrealism,images/auction_images/646.jpg
647,800.0,Bruce Porter,Bend,1979.0,[nan],This work is in good condition.Not examined outside of frame.No obvious signs of wear to artwork.,Post-War,Abstract,images/auction_images/647.jpg
648,1500.0,RICHARD WOODS,"Remnant Number 5, By The Back Door",2012.0,[nan],This work is in very good condition.Not examined out of frame.No obvious signs of wear to art.,Contemporary,Pop Art,images/auction_images/648.jpg
649,1500.0,Richard Woods,Woodblock Inlays 3 of 4,2011.0,Artist signature and edition in pencil lower right recto.,This work is in very good condition.Not examined out of frame.No obvious signs of wear to art.,Contemporary,Pop Art,images/auction_images/649.jpg
650,1275.0,Nancy Blum,Print Fields 1 (Pink),2002.0,Signed Nancy Blum bottom right in pen,This work is in good condition.Not examined out of frame.No obvious signs of wear to art.Frame is marked and scuffed at left top and bottom corners.,Contemporary,Abstract,images/auction_images/650.jpg
651,680.0,Antonio Frasconi,Cantos IV,1974.0,Signed Frasconi bottom right in pencil,This work is in overall good condition.Not examined out of frame.No obvious signs of wear to art.Small water mark to paper mat at bottom right corner,Modern,Abstract,images/auction_images/651.jpg
652,1275.0,Stephanie Kirschen Cole,BB / Market,1978.0,[nan],Not examined out of frame.No obvious signs of wear to art.Small scratch to bottom of plexiglass.,Contemporary,Abstract,images/auction_images/652.jpg
653,1275.0,Mary Heebner,Powder,1979.0,Heebner 79 inscribed on bottom right,This work is in good condition.Not examined outside of frame.No obvious signs wear to artMinor scrape to corner of frame.,Modern,Abstract,images/auction_images/653.jpg
654,800.0,Barbara Schwartz,Untitled,2001.0,Barbara Schwartz 2001 in pencil on bottom right recto.,This work is in very good condition.Artwork not examined outside of frame.Minor rippling of paper consistent with process.No obvious signs of wear to artwork.,Contemporary,Expressionism,images/auction_images/654.jpg
655,1500.0,Frederick Wardy,Untitled,1974.0,Frederick Wardy 74 in ink at bottom right recto.,This work is in good condition.Artwork not examined outside of frame.Minor discoloration at paper edges.Minor rippling of paper.,Post-War,Minimalism,images/auction_images/655.jpg
656,1275.0,Fred Gutzeit,Balls with Red,1971.0,Signed in pencil F. Gutzeit 4/71 lower right,This work is in very good condition.Not examined out of frame.Slight rippling to paper.,Modern,Abstract,images/auction_images/656.jpg
657,680.0,Mary Hambleton,Untitled,1986.0,Hambleton 86 on bottom right in pencil,This work is in good condition.Not examined outside of frame.No obvious signs of wear to art.Minor wear to frame.,Contemporary,Abstract,images/auction_images/657.jpg
658,1275.0,Christopher Olav Jenssen,No 249,1986.0,"Signed at bottom in pencil 17 Aug 1986, Olav Christopher",This work is in good condition.Not examined out of frame.No obvious signs of wear to art.Hardware for wire but wire is missing.,Contemporary,Abstract,images/auction_images/658.jpg
659,800.0,Joe Tilson,Zikkurat,1975.0,Signed and inscribed recto in pencil,This work is in good condition.Artwork not inspected out of frame.Scratching to plexiglass.Adhesive on frame.Light wear to frame.,Post-War,Pop Art,images/auction_images/659.jpg
660,1500.0,RICHARD WOODS,Woodblock Inlays 4 Of 4,2011.0,Artist signature and edition in pencil lower right recto.,This work is in very good condition.Not examined out of frame.No obvious signs of wear to art.,Contemporary,Pop Art,images/auction_images/660.jpg
661,1275.0,Derek Hirst,"Sacred Mountain Series II, #5",1987.0,Signed Derek Hirst 1987 lower right in pencil,Not examined out of frame.No obvious signs of wear to art.,Contemporary,Abstract,images/auction_images/661.jpg
662,680.0,Dianna Frid,On The Modification Of Clouds III,2011.0,Signed D. Frid 2011 in pencil lower left,Not examined out of frame.No obvious signs of wear to art.,Contemporary,Abstract,images/auction_images/662.jpg
663,680.0,Reed Anderson,Bad Neighbors (Red),2013.0,Signed RA bottom right in pencil,This work is in good condition.Not examined out of frame.No obvious signs of wear to art.Light marks to frame.Slight buckling to paper.,Contemporary,Abstract,images/auction_images/663.jpg
664,1500.0,Chuck Webster,Untitled,2011.0,[nan],This work is in very good condition.Some yellowing to paper at top of piece.Not examined out of frame.,Contemporary,Abstract,images/auction_images/664.jpg
665,680.0,Mark Fox,Between,2012.0,Mark Fox 12 on bottom right in pencil,This work is in good condition.Not examined outside of frame.Minor rippling to paper.No other obvious signs of wear to art.,Contemporary,Abstract,images/auction_images/665.jpg
666,1275.0,Tony King,Untitled,1975.0,T King 75 on bottom right in pencil,Not examined outside of frame.No obvious signs of wear to art.,Post-War,Geometric Abstraction,images/auction_images/666.jpg
667,1500.0,RICHARD WOODS,"Remnant Number 6, Inside The Bedroom Cupboard",2012.0,[nan],This work is in very good condition.Not examined out of frame.No obvious signs of wear to art.,Contemporary,Pop Art,images/auction_images/667.jpg
668,800.0,Stephanie Snider,Untitled (III),2001.0,Lower right recto in pencil,This work is in very good condition.Artwork not inspected out of frame.Scratch to plexiglass.,Contemporary,Surrealism,images/auction_images/668.jpg
669,680.0,Charles Hewitt,Pink Basket,2009.0,Signed and dated lower right in pencil,Not examined out of frame.No obvious signs of wear to art.,Contemporary,Abstract,images/auction_images/669.jpg
670,800.0,Steven Sorman,Unheard of III,2002.0,"Signed and dated in pencil lower right, Steven Sorman, 2002",This work is in good condition.Not examined outside of frame.No obvious damage to artwork.,Contemporary,Abstract,images/auction_images/670.jpg
671,1500.0,Laura Wait,Scriptograph #14,2012.0,Wait 12 in pencil on bottom right recto,This work is in very good condition.Not examined outside of frame.Minor curving of paper at bottom.No other obvious signs of wear to artwork.,Contemporary,Expressionism,images/auction_images/671.jpg
672,1500.0,Michael Tetherow,Early Summer Drawing,1990.0,M.T. 90 in pencil on bottom center right recto,This work is in very good condition.Artwork not examined outside of frame.No obvious signs of wear to artwork.Scuff on top center of wood frame.,Post-War,Expressionism,images/auction_images/672.jpg
673,800.0,Stephanie Snider,Untitled (II),2001.0,Lower right recto in pencil,This work is in very good condition.Artwork not inspected out of frame.,Contemporary,Abstract,images/auction_images/673.jpg
674,1500.0,Bruce Mclean,Misdirected Concerns,1988.0,Bruce Mclean 1988 inscribed at bottom right recto,This work is in very good condition.Artwork not examined outside of frame.Some rippling of paper consistent with process.No other obvious signs of wear to artwork.,Post-War,Expressionism,images/auction_images/674.jpg
675,680.0,Hanlyn Davies,Jumble,1975.0,Signed in pencil lower right Jumble 31/129 Hanlyn Davies 1975,This work is in very good condition.Not examined out of frame.No obvious signs of wear to art.,Modern,Abstract,images/auction_images/675.jpg
678,1275.0,Anne Gilman,"A Known Quantity, Subway Series #3",2000.0,Artist signed in pen lower right,Not examined out of frame.Creases from fold-marks to subway map.,Contemporary,Conceptual ,images/auction_images/678.jpg
679,1275.0,Nicholas Howey,Untitled,1989.0,[nan],This work is in good condition.Not examined outside of frame.Some rippling of paper.No other obvious signs of wear to art.,Contemporary,Abstract,images/auction_images/679.jpg
680,1500.0,Jane Rosenberg,Upright Curves Number 3,1977.0,Signed and dated in pencil lower right recto,This work is in very good condition.Discoloration to edges of paper.Not examined out of frame.,Post-War,Minimalism,images/auction_images/680.jpg
681,1275.0,Michael Hardesty,Untitled,1990.0,Hardesty 90 on bottom right in pencil,This work is in good condition.Not examined outside of frame.No obvious signs of wear to art.Artwork is slipping off hinges on top left corner.,Contemporary,Abstract,images/auction_images/681.jpg
683,800.0,MICHAEL MAZUR ,Serpentine With Orchids,2005.0,Mazur 05 in pencil on bottom right recto.,This work is in very good condition.Artwork not examined outside of frame.No obvious signs of wear to artwork.,Contemporary,Pop Art,images/auction_images/683.jpg
684,680.0,Dianna Frid,On The Modification Of Clouds I,2011.0,Signed D. Frid 2011 in pencil lower left,Not examined out of frame.No obvious signs of wear to art.,Contemporary,Abstract,images/auction_images/684.jpg
685,1500.0,Richard Woods,Woodblock Inlays 1 of 4,2011.0,Artist signature and edition in pencil lower right recto.,This work is in very good condition.Not examined out of frame.No obvious signs of wear to art.,Contemporary,Pop Art,images/auction_images/685.jpg
686,680.0,Chris Costan,MT 2000,1997.0,Signed C. Costan '97 in pencil lower right,Not examined out of frame.Minor rippling to paper.,Contemporary,Abstract,images/auction_images/686.jpg
688,680.0,Chris Costan,MT 2011,1997.0,Signed C. Costan '97 in pencil lower right,Not examined out of frame.Minor rippling to paper.,Contemporary,Abstract,images/auction_images/688.jpg
690,1275.0,Porfirio Di Donna,Untitled #123,1975.0,Signed Di Donna 75 in pencil lower right,Not examined out of frame.Discoloration to edges of art.Discoloration to background paper.,Contemporary,Abstract,images/auction_images/690.jpg
691,680.0,Robert Kushner,Reclining Man 29,1987.0,[nan],This work is in good condition with no obvious signs of wear to art.Not examined out of frame.Small smudge to plexiglass at top left.Marks to frame.,Contemporary,Abstract,images/auction_images/691.jpg
692,800.0,Steven Sorman,Spaces Between Words A Deaf Man Sees,1978.0,"Signed and numbered in pencil, lower center Steven Sorman, '78","This work is in overall good condition.Not examined outside of frame.Slight buckling of paper, consistent with process.",Post-War,Minimalism,images/auction_images/692.jpg
693,1500.0,Ann Turnley,Fancy Wall,1978.0,[nan],This work is in very good condition.Artwork not inspected out of frame.Dent and light wear to frame on bottom right corner.,Post-War,Abstract,images/auction_images/693.jpg
694,1275.0,David Hornung,Ladder / Triangle,1988.0,[nan],This work is in very good condition.Not examined outside of frame.No obvious signs of wear to art.,Contemporary,Surrealism,images/auction_images/694.jpg
695,800.0,Brian O'Doherty,Untitled,2011.0,"Signed and dated in pencil lower right, Brian O'Doherty, 2011",This work is in overall good condition.Not examined outside of frame.No obvious damage to artwork.,Contemporary,Abstract,images/auction_images/695.jpg
697,680.0,Stephen Hartman,Untitled,1978.0,Signed S Hartman bottom left in pencil,This work is in very good condition.Not examined out of frame.No obvious signs of wear to art.Occasional nicks to frame.,Contemporary,Abstract,images/auction_images/697.jpg
698,800.0,Donald Traver,Untitled (From Vessels and Voids),1994.0,Signed and dated upper right recto in pencil,This work is in very good condition.Artwork not inspected out of frame.Pin holes on top corners.Light wear to frame.,Post-War,Abstract,images/auction_images/698.jpg
699,800.0,Stephanie Snider,Untitled (I),2001.0,Lower right recto in pencil,This work is in very good condition.Artwork not inspected out of frame.Scratch to plexiglass.,Contemporary,Surrealism,images/auction_images/699.jpg
700,800.0,Kirsten Stolle,Diego I,2002.0,K. Stolle 02 in pencil on bottom right recto.,This work is in very good condition.Artwork not examined outside of frame.No obvious signs of wear to artwork.,Post-War,Abstract,images/auction_images/700.jpg
701,680.0,Mark Fox,Below,2012.0,Mark Fox 12 on bottom right in pencil,This work is in overall good condition.No examined outside of frame.Minor rippling of paper.No other obvious signs of wear to art.,Contemporary,Abstract,images/auction_images/701.jpg
702,1275.0,Ralph Hilton,Untitled,1981.0,[nan],This work is in good condition.Not examined outside of frame.No obvious signs of wear to art.,Contemporary,Abstract,images/auction_images/702.jpg
703,1500.0,Christine Olsavsky,Humid Hearts,1989.0,[nan],"This work is in good condition.Artwork not inspected out of frame.Marks, paint loss and dents to frame.",Post-War,Abstract,images/auction_images/703.jpg
704,680.0,John Hoyland,Mael,1986.0,Signed John Hoyland '86 in pencil lower right,Not examined out of frame.Minor rippling to paper.,Contemporary,Abstract,images/auction_images/704.jpg
705,1500.0,Bob Nugent,Letter Folio,1977.0,[nan],This work is in very good condition.Not examined outside of frame.No obvious signs of wear to artwork.,Post-War,Expressionism,images/auction_images/705.jpg
706,1500.0,Mark Wilson,Untitled,2008.0,[nan],This work is in very good condition.Not examined out of frame.No obvious signs of wear to art.,Contemporary,Abstract,images/auction_images/706.jpg
707,800.0,Cinda Sparling,"Untitled, 1988",1988.0,Signed and inscribed lower right recto in pencil.,This work is in overall good condition.Artwork not inspected out of frame.Chip on bottom edge of frame.Wear and paint loss to side edges of frame.Rippling to paper.,Post-War,Abstract,images/auction_images/707.jpg
709,1275.0,George T. Grant,Fall I,2008.0,[nan],This work is in very good condition.Not examined out of frame.No obvious signs of wear to art.,Contemporary,Abstract,images/auction_images/709.jpg
710,1500.0,Max Miller,Untitled NBR 60,1987.0,[nan],This work is in good condition.Artwork not inspected out of frame.Wear to frame in areas.Pinholes to corners of artwork.,Post-War,Abstract,images/auction_images/710.jpg
711,800.0,Paul Henry Ramirez,Juicy Little Passion #4,2005.0,Signed and inscribed recto in pencil,This work is in very good condition.Artwork not examined out of frame.Light scratching to plexiglass.,Contemporary,Abstract,images/auction_images/711.jpg
712,680.0,Ford Crull,Relic Series #3,1990.0,Ford 90 on bottom right in pencil,This work is in good condition.Not examined outside of frame.Minor rippling to paper.No other obvious signs of wear to art.,Contemporary,Abstract,images/auction_images/712.jpg
713,1500.0,Dan Walsh,Viewing Suite III,2008.0,Signed and dated in pencil lower right recto.,This work is in very good condition.Not examined out of frame.No obvious signs of wear to art.,Contemporary,Abstract,images/auction_images/713.jpg
714,680.0,Robert Kushner,Reclining Man 18,1987.0,Signed Robert Kushner center right in pencil,This work is in good condition.Not examined out of frame.No obvious signs of wear to art.Light marks to frame.,Contemporary,Abstract,images/auction_images/714.jpg
715,800.0,Bruce Porter,Flute Like Voices III,1987.0,"Signed and dated in pencil, Bruce Porter, 1981",This work is in very good condition.Not examined outside of frame.No obvious signs of wear to artwork.,Post-War,Abstract,images/auction_images/715.jpg
717,680.0,Steven Barbash,Four Tulips,1982.0,"Signed, dated and numbered on bottom.",No obvious signs of wear.Not examined out of frame.,Contemporary,Realism,images/auction_images/717.jpg
718,1275.0,Stuart Nielsen,Untitled,1976.0,[nan],Not examined out of frame.No obvious signs of wear.,Contemporary,Abstract,images/auction_images/718.jpg
721,1275.0,William Zehngut,Still Life With Blue Vase,1979.0,Signed on lower left.,Not examined outside of frame.No obvious signs of wear.,Contemporary,Realism,images/auction_images/721.jpg
722,1275.0,Christopher Beane,Marble Painting 114,2012.0,Artist signature on back.,No obvious signs of wear.,Contemporary,Abstract,images/auction_images/722.jpg
724,1275.0,Frances Barth,Untitled Drawing Nbr 201,1976.0,[nan],Art has no obvious signs of wear.,Contemporary,Geometric Abstraction,images/auction_images/724.jpg
727,1275.0,Solien T.L.,Untitled,1990.0,Signed and dated on bottom right.,No obvious signs of wear.Not examined out of frame.,Contemporary,Organic/Biomorphic Abstraction,images/auction_images/727.jpg
728,680.0,Mary Jo Vath,Sunflower,1990.0,Signed and numbered in pencil to verso,Not examined out of frame.Edge wear to frame.,Contemporary,Realism,images/auction_images/728.jpg
729,680.0,Ed Albers,Disection Series,1989.0,[nan],Not examined out of frame.No obvious signs of wear.,Contemporary,Organic/Biomorphic Abstraction,images/auction_images/729.jpg
730,680.0,DON NICE,Radish,1972.0,Signed and titled on bottom.,No obvious signs of wear.Not examined out of frame.,Post-War,Realism,images/auction_images/730.jpg
731,680.0,John Newman,Red Through And Through,2010.0,Signed and dated on lower right.,"Not examined out of frame.Art piece slipped off the hinge, resting on bottom of frame.",Contemporary,Abstract,images/auction_images/731.jpg
732,680.0,Jane Goldman,Window Reflection,2008.0,"Titled, signed and numbered in pencil recto ",No obvious signs of wear.Not examined out of frame.,Contemporary,Realism,images/auction_images/732.jpg
733,1275.0,T. L. Solien,Blue Stem Land,1986.0,[nan],Not examined outside of frame.Pinholes to edges of paper.No obvious signs of wear otherwise.,Contemporary,Abstract,images/auction_images/733.jpg
734,1275.0,Laura Newman,Blue And Orange,1987.0,[nan],Not examined out of frame.A few minor marks to frame.,Contemporary,Abstract,images/auction_images/734.jpg
735,1275.0,Christopher Beane,Marble Painting 16,2012.0,[nan],No obvious signs of wear.,Contemporary,Abstract,images/auction_images/735.jpg
736,680.0,Stuart Allen,Untitled (Still Life),1983.0,Signed illegibly on lower right,Not examined outside of frame.No obvious signs of wear.,Post-War,Realism,images/auction_images/736.jpg
737,1275.0,Jon Groom,Untitled,1985.0,Signed and dated lower right.,Area of wear to frame at top center.Art shows no obvious signs of wear.,Contemporary,Geometric Abstraction,images/auction_images/737.jpg
739,680.0,Jackie Battenfield,One Thousand Thoughts (Noon),2001.0,Signed on bottom.,Art has no obvious signs of wear.,Contemporary,Realism,images/auction_images/739.jpg
740,680.0,Robert Janz,North Field CPP10,2007.0,"Signed, dated and titled in pencil to verso",Not examined out of frame.Scratches to plexiglass detected upon close inspection.Sheet undulation.One small mark to sheet.,Contemporary,Organic/Biomorphic Abstraction,images/auction_images/740.jpg
742,680.0,Yasuyuki Shibata,Satsuma,2011.0,Signed and dated on lower right.,Not examined out of frame.No obvious signs of wear.,Contemporary,Geometric Abstraction,images/auction_images/742.jpg
743,680.0,Carolyn Brady,"Green Lamp, Red Table",1985.0,Signed and dated on lower right.,Not examined out of frame.No obvious signs of wear.,Contemporary,Realism,images/auction_images/743.jpg
744,1275.0,Pietro Consagra,Diasporo,1973.0,Artist signature lower right.,No obvious signs of wear to art.,Contemporary,Abstract,images/auction_images/744.jpg
745,680.0,Jane Kent,Untitled Xiv,1989.0,[nan],Not examined out of frame.No obvious signs of imperfection.,Contemporary,Organic/Biomorphic Abstraction,images/auction_images/745.jpg
746,680.0,Jane Kent,"Untitled, A Study For Skating",2008.0,[nan],Not examined out of frame.Mark to frame.,Contemporary,Abstract,images/auction_images/746.jpg
747,1275.0,Marischa Burckhardt,Cut Squares,1978.0,[nan],Not examined out of frame.No obvious signs of wear.,Contemporary,Geometric Abstraction,images/auction_images/747.jpg
748,680.0,Ian Hamilton Finlay,Sea Poppy,1968.0,[nan],Not examined out of frame.Scratches throughout plexiglas.,Contemporary,Abstract,images/auction_images/748.jpg
749,680.0,Jane Kent,Miracle Grow #17,2012.0,Signed and dated on lower right.,Not examined out of frame.No obvious signs of wear.,Contemporary,Abstract,images/auction_images/749.jpg
750,1275.0,Gary Bower,Rolph Series,1970.0,[nan],Not examined out of frame.Significant undulation to sheet.Water stain to top of sheet.Scattered marks to frame.Surface scratches to plexiglass.Toning to perimeter of sheet.,Contemporary,Geometric Abstraction,images/auction_images/750.jpg
751,680.0,Jane Kent,Untitled,2012.0,[nan],Not examined out of frame.No apparent imperfections.,Contemporary,Geometric Abstraction,images/auction_images/751.jpg
752,1275.0,T. L. Solien,Juniper,1986.0,[nan],Not examined outside of frame.Pinholes at edges of paper.No other obvious signs of wear.,Contemporary,Abstract,images/auction_images/752.jpg
753,680.0,John Duff,Untitled Print,1975.0,"Signed, dated and numbered in pencil.",Not examined out of frame.Scattered surface scratches to plexiglas.One faint mark to bottom left side of frame.Small white mark to right side of frame.,Modern,Geometric Abstraction,images/auction_images/753.jpg
